Road Id,Station Id,Entering Time,Road Id,Station Id,Exit Time

34,3,1/4/16 13:10,1,16,1/4/16 17:10

1,19,1/4/16 13:22,1,13,1/4/16 17:01

1,19,1/4/16 13:25,1,15,1/4/16 17:06

1,19,1/4/16 13:27,1,15,1/4/16 17:14

51,3,1/4/16 13:32,1,10,1/4/16 17:55

47,7,1/4/16 13:43,1,6,1/4/16 18:04

73,5,1/4/16 13:53,1,19,1/4/16 17:59

85,21,1/4/16 14:11,1,16,1/4/16 18:12

109,1,1/4/16 14:25,1,8,1/4/16 17:47

90,29,1/4/16 14:35,1,28,1/4/16 18:25

109,39,1/4/16 14:42,1,40,1/4/16 17:08

85,15,1/4/16 14:43,1,14,1/4/16 18:25

54,7,1/4/16 14:44,1,8,1/4/16 17:02

109,29,1/4/16 14:59,1,26,1/4/16 17:25

115,1,1/4/16 15:02,1,8,1/4/16 18:15

31,7,1/4/16 15:03,1,24,1/4/16 17:45

45,7,1/4/16 15:16,1,10,1/4/16 18:13

51,3,1/4/16 15:16,1,60,1/4/16 19:47

38,2,1/4/16 15:18,1,8,1/4/16 20:23

5,13,1/4/16 15:19,1,12,1/4/16 17:02

55,7,1/4/16 15:21,1,26,1/4/16 16:57

86,25,1/4/16 15:21,1,34,1/4/16 17:56

73,5,1/4/16 15:23,1,19,1/4/16 21:15

3,27,1/4/16 15:24,1,26,1/4/16 17:37

23,3,1/4/16 15:25,1,26,1/4/16 17:01

49,15,1/4/16 15:26,1,60,1/4/16 17:27

23,3,1/4/16 15:28,1,40,1/4/16 17:53

30,5,1/4/16 15:33,1,40,1/4/16 17:19

85,11,1/4/16 15:34,1,60,1/4/16 18:49

1,62,1/4/16 15:36,1,28,1/4/16 16:53

30,5,1/4/16 15:36,1,36,1/4/16 17:02

104,1,1/4/16 15:38,1,15,1/4/16 17:37

14,15,1/4/16 15:39,1,26,1/4/16 17:45

3,21,1/4/16 15:41,1,40,1/4/16 18:09

34,1,1/4/16 15:41,1,24,1/4/16 16:56

1,8,1/4/16 15:45,1,40,1/4/16 16:55

55,15,1/4/16 15:50,1,15,1/4/16 18:06

34,5,1/4/16 15:53,1,18,1/4/16 17:14

1,60,1/4/16 15:53,1,24,1/4/16 17:00

32,2,1/4/16 15:55,1,28,1/4/16 17:49

1,40,1/4/16 15:56,1,60,1/4/16 17:31

45,7,1/4/16 15:56,1,12,1/4/16 17:30

34,3,1/4/16 15:58,1,34,1/4/16 18:54

104,1,1/4/16 16:00,1,30,1/4/16 17:37

1,37,1/4/16 16:00,1,9,1/4/16 17:09

6,54,1/4/16 16:01,1,24,1/4/16 16:58

17,17,1/4/16 16:02,1,60,1/4/16 17:32

9,17,1/4/16 16:02,1,15,1/4/16 18:42

48,9,1/4/16 16:03,1,27,1/4/16 18:02

1,40,1/4/16 16:03,1,15,1/4/16 16:54

48,9,1/4/16 16:05,1,27,1/4/16 17:59

4,15,1/4/16 16:05,1,16,1/4/16 17:30

1,16,1/4/16 16:05,1,40,1/4/16 16:59

34,1,1/4/16 16:05,1,24,1/4/16 17:31

50,11,1/4/16 16:06,1,61,1/4/16 17:36

1,62,1/4/16 16:07,1,26,1/4/16 17:01

18,7,1/4/16 16:07,1,5,1/4/16 18:16

6,11,1/4/16 16:07,1,17,1/4/16 17:11

8,9,1/4/16 16:08,1,26,1/4/16 18:14

32,9,1/4/16 16:10,1,60,1/4/16 16:53

34,1,1/4/16 16:11,1,18,1/4/16 17:12

6,21,1/4/16 16:13,1,15,1/4/16 17:19

34,1,1/4/16 16:13,1,16,1/4/16 17:17

85,15,1/4/16 16:13,1,24,1/4/16 20:22

26,11,1/4/16 16:15,1,17,1/4/16 17:22

49,15,1/4/16 16:15,1,27,1/4/16 16:56

69,17,1/4/16 16:15,1,28,1/4/16 19:20

9,9,1/4/16 16:15,1,40,1/4/16 19:16

30,6,1/4/16 16:16,1,16,1/4/16 17:15

1,17,1/4/16 16:16,1,60,1/4/16 17:12

58,6,1/4/16 16:16,1,17,1/4/16 17:32

3,27,1/4/16 16:18,1,12,1/4/16 18:00

1,25,1/4/16 16:18,1,15,1/4/16 17:00

32,6,1/4/16 16:18,1,16,1/4/16 17:46

35,4,1/4/16 16:18,1,27,1/4/16 17:24

1,16,1/4/16 16:18,1,36,1/4/16 17:03

50,11,1/4/16 16:19,1,60,1/4/16 17:39

14,17,1/4/16 16:19,1,34,1/4/16 18:37

1,6,1/4/16 16:19,1,20,1/4/16 17:04

25,7,1/4/16 16:20,1,61,1/4/16 17:34

1,14,1/4/16 16:21,1,30,1/4/16 16:57

75,4,1/4/16 16:21,1,61,1/4/16 17:44

63,3,1/4/16 16:22,1,13,1/4/16 17:00

1,11,1/4/16 16:24,1,61,1/4/16 16:54

35,19,1/4/16 16:24,1,60,1/4/16 19:08

25,19,1/4/16 16:24,1,9,1/4/16 17:30

25,4,1/4/16 16:25,1,19,1/4/16 17:12

32,6,1/4/16 16:25,1,28,1/4/16 18:05

48,9,1/4/16 16:25,1,23,1/4/16 16:53

40,1,1/4/16 16:25,1,36,1/4/16 18:07

37,4,1/4/16 16:26,1,26,1/4/16 17:01

1,6,1/4/16 16:27,1,12,1/4/16 16:51

1,24,1/4/16 16:28,1,38,1/4/16 16:56

1,40,1/4/16 16:28,1,25,1/4/16 16:54

1,20,1/4/16 16:28,1,40,1/4/16 17:05

1,35,1/4/16 16:29,1,19,1/4/16 17:00

1,8,1/4/16 16:29,1,36,1/4/16 17:27

1,37,1/4/16 16:30,1,25,1/4/16 16:52

30,5,1/4/16 16:30,1,6,1/4/16 17:12

22,3,1/4/16 16:30,1,62,1/4/16 18:09

1,24,1/4/16 16:30,1,36,1/4/16 16:53

1,9,1/4/16 16:31,1,60,1/4/16 17:02

1,16,1/4/16 16:31,1,30,1/4/16 17:04

1,16,1/4/16 16:31,1,34,1/4/16 17:09

60,3,1/4/16 16:31,1,60,1/4/16 17:28

30,5,1/4/16 16:32,1,60,1/4/16 17:11

1,26,1/4/16 16:32,1,38,1/4/16 16:58

1,23,1/4/16 16:32,1,13,1/4/16 17:07

1,52,1/4/16 16:33,1,40,1/4/16 16:55

74,9,1/4/16 16:33,1,14,1/4/16 20:06

1,19,1/4/16 16:33,1,13,1/4/16 16:52

63,9,1/4/16 16:33,1,19,1/4/16 16:56

1,9,1/4/16 16:33,1,60,1/4/16 17:05

1,23,1/4/16 16:33,1,15,1/4/16 16:56

30,9,1/4/16 16:34,1,10,1/4/16 17:24

29,5,1/4/16 16:35,1,20,1/4/16 17:35

1,40,1/4/16 16:35,1,29,1/4/16 16:57

1,40,1/4/16 16:35,1,29,1/4/16 16:56

52,17,1/4/16 16:36,1,14,1/4/16 17:55

1,8,1/4/16 16:36,1,18,1/4/16 16:55

1,23,1/4/16 16:36,1,17,1/4/16 16:54

1,29,1/4/16 16:36,1,17,1/4/16 17:07

6,11,1/4/16 16:36,1,15,1/4/16 17:59

30,5,1/4/16 16:37,1,16,1/4/16 17:29

1,13,1/4/16 16:37,1,60,1/4/16 17:26

25,4,1/4/16 16:37,1,24,1/4/16 17:10

8,7,1/4/16 16:37,1,14,1/4/16 18:25

1,23,1/4/16 16:37,1,15,1/4/16 16:56

1,16,1/4/16 16:38,1,20,1/4/16 16:56

1,23,1/4/16 16:38,1,15,1/4/16 16:55

1,16,1/4/16 16:38,1,20,1/4/16 16:52

1,10,1/4/16 16:38,1,20,1/4/16 17:02

1,28,1/4/16 16:38,1,36,1/4/16 16:51

3,17,1/4/16 16:39,1,14,1/4/16 17:40

106,1,1/4/16 16:39,1,60,1/4/16 17:50

1,23,1/4/16 16:39,1,15,1/4/16 16:58

1,16,1/4/16 16:40,1,20,1/4/16 16:52

85,11,1/4/16 16:40,1,14,1/4/16 20:10

1,13,1/4/16 16:40,1,60,1/4/16 17:25

48,7,1/4/16 16:41,1,19,1/4/16 17:09

1,11,1/4/16 16:41,1,60,1/4/16 17:29

1,25,1/4/16 16:41,1,7,1/4/16 17:21

1,14,1/4/16 16:41,1,30,1/4/16 17:19

1,7,1/4/16 16:42,1,60,1/4/16 17:07

4,15,1/4/16 16:42,1,14,1/4/16 17:54

1,16,1/4/16 16:42,1,20,1/4/16 16:56

1,29,1/4/16 16:42,1,36,1/4/16 16:51

1,35,1/4/16 16:43,1,27,1/4/16 16:55

63,3,1/4/16 16:43,1,24,1/4/16 16:55

19,7,1/4/16 16:43,1,61,1/4/16 19:08

1,29,1/4/16 16:43,1,36,1/4/16 16:52

1,35,1/4/16 16:43,1,29,1/4/16 16:53

1,19,1/4/16 16:43,1,15,1/4/16 16:57

1,12,1/4/16 16:43,1,24,1/4/16 17:10

1,62,1/4/16 16:44,1,6,1/4/16 16:54

1,11,1/4/16 16:44,1,60,1/4/16 17:30

1,40,1/4/16 16:45,1,35,1/4/16 16:59

1,60,1/4/16 16:45,1,12,1/4/16 17:09

1,37,1/4/16 16:46,1,23,1/4/16 17:16

55,15,1/4/16 16:46,1,15,1/4/16 18:24

1,11,1/4/16 16:46,1,60,1/4/16 17:27

1,20,1/4/16 16:46,1,40,1/4/16 17:31

49,6,1/4/16 16:46,1,27,1/4/16 17:15

1,25,1/4/16 16:46,1,23,1/4/16 16:53

1,29,1/4/16 16:46,1,36,1/4/16 16:54

1,33,1/4/16 16:46,1,27,1/4/16 16:53

1,10,1/4/16 16:46,1,12,1/4/16 16:53

1,28,1/4/16 16:46,1,36,1/4/16 16:58

26,11,1/4/16 16:46,1,15,1/4/16 18:07

1,35,1/4/16 16:46,1,33,1/4/16 16:55

1,28,1/4/16 16:47,1,36,1/4/16 16:58

37,4,1/4/16 16:47,1,11,1/4/16 17:22

1,26,1/4/16 16:47,1,40,1/4/16 17:18

1,18,1/4/16 16:47,1,24,1/4/16 17:04

1,40,1/4/16 16:47,1,27,1/4/16 17:07

1,27,1/4/16 16:47,1,25,1/4/16 16:54

49,3,1/4/16 16:47,1,45,1/4/16 17:12

61,17,1/4/16 16:48,1,60,1/4/16 17:38

73,21,1/4/16 16:48,1,19,1/4/16 18:50

1,33,1/4/16 16:48,1,36,1/4/16 16:54

1,15,1/4/16 16:48,1,5,1/4/16 17:09

1,26,1/4/16 16:48,1,38,1/4/16 17:11

1,37,1/4/16 16:48,1,35,1/4/16 16:55

37,6,1/4/16 16:49,1,24,1/4/16 17:10

1,13,1/4/16 16:49,1,7,1/4/16 17:00

1,29,1/4/16 16:49,1,40,1/4/16 17:14

22,1,1/4/16 16:49,1,28,1/4/16 18:30

1,33,1/4/16 16:49,1,40,1/4/16 17:09

1,40,1/4/16 16:49,1,51,1/4/16 16:58

31,2,1/4/16 16:49,1,62,1/4/16 17:26

28,13,1/4/16 16:50,1,8,1/4/16 17:53

48,5,1/4/16 16:50,1,27,1/4/16 16:58

1,25,1/4/16 16:50,1,23,1/4/16 16:58

1,29,1/4/16 16:50,1,38,1/4/16 17:06

1,23,1/4/16 16:50,1,15,1/4/16 17:08

1,42,1/4/16 16:50,1,36,1/4/16 16:53

1,10,1/4/16 16:50,1,16,1/4/16 17:03

1,40,1/4/16 16:50,1,37,1/4/16 16:55

31,7,1/4/16 16:50,1,60,1/4/16 17:18

1,40,1/4/16 16:51,1,35,1/4/16 17:04

1,29,1/4/16 16:51,1,45,1/4/16 17:01

44,1,1/4/16 16:51,1,16,1/4/16 17:29

1,10,1/4/16 16:51,1,18,1/4/16 17:07

1,40,1/4/16 16:51,1,33,1/4/16 17:07

1,29,1/4/16 16:51,1,36,1/4/16 17:00

1,9,1/4/16 16:51,1,60,1/4/16 17:30

1,15,1/4/16 16:51,1,60,1/4/16 17:39

1,24,1/4/16 16:52,1,30,1/4/16 17:07

1,14,1/4/16 16:52,1,20,1/4/16 17:08

1,42,1/4/16 16:52,1,36,1/4/16 16:55

63,7,1/4/16 16:52,1,17,1/4/16 17:19

105,12,1/4/16 16:52,1,27,1/4/16 17:33

28,17,1/4/16 16:53,1,15,1/4/16 18:07

32,2,1/4/16 16:53,1,60,1/4/16 17:25

1,24,1/4/16 16:53,1,34,1/4/16 17:14

1,35,1/4/16 16:53,1,15,1/4/16 17:33

1,33,1/4/16 16:53,1,27,1/4/16 17:02

1,26,1/4/16 16:53,1,30,1/4/16 17:04

1,60,1/4/16 16:54,1,14,1/4/16 17:32

1,19,1/4/16 16:54,1,17,1/4/16 17:03

1,8,1/4/16 16:54,1,14,1/4/16 17:08

48,10,1/4/16 16:54,1,25,1/4/16 17:16

1,40,1/4/16 16:54,1,35,1/4/16 17:04

1,33,1/4/16 16:54,1,38,1/4/16 17:05

1,46,1/4/16 16:54,1,34,1/4/16 17:08

1,15,1/4/16 16:54,1,11,1/4/16 17:01

1,28,1/4/16 16:55,1,36,1/4/16 17:08

1,29,1/4/16 16:55,1,36,1/4/16 17:07

1,29,1/4/16 16:56,1,38,1/4/16 17:11

1,42,1/4/16 16:56,1,40,1/4/16 17:09

1,23,1/4/16 16:56,1,15,1/4/16 17:17

1,10,1/4/16 16:56,1,14,1/4/16 17:07

1,33,1/4/16 16:56,1,25,1/4/16 17:09

1,37,1/4/16 16:56,1,27,1/4/16 17:12

104,1,1/4/16 16:56,1,17,1/4/16 18:41

1,29,1/4/16 16:56,1,40,1/4/16 17:18

1,40,1/4/16 16:56,1,27,1/4/16 17:16

1,8,1/4/16 16:56,1,14,1/4/16 17:12

1,16,1/4/16 16:57,1,20,1/4/16 17:10

1,46,1/4/16 16:57,1,40,1/4/16 17:21

6,21,1/4/16 16:57,1,40,1/4/16 18:27

27,5,1/4/16 16:57,1,27,1/4/16 17:11

1,35,1/4/16 16:57,1,25,1/4/16 17:14

1,37,1/4/16 16:57,1,41,1/4/16 17:05

1,29,1/4/16 16:57,1,40,1/4/16 17:19

1,35,1/4/16 16:58,1,29,1/4/16 17:07

1,12,1/4/16 16:58,1,26,1/4/16 17:28

1,35,1/4/16 16:58,1,33,1/4/16 17:04

1,23,1/4/16 16:58,1,15,1/4/16 17:15

1,40,1/4/16 16:58,1,37,1/4/16 17:02

84,11,1/4/16 16:58,1,24,1/4/16 17:57

1,10,1/4/16 16:58,1,26,1/4/16 17:31

1,37,1/4/16 16:58,1,51,1/4/16 17:03

49,3,1/4/16 16:58,1,27,1/4/16 17:22

1,40,1/4/16 16:58,1,17,1/4/16 17:51

1,52,1/4/16 16:59,1,40,1/4/16 17:04

31,8,1/4/16 16:59,1,62,1/4/16 17:37

63,19,1/4/16 16:59,1,26,1/4/16 17:14

1,52,1/4/16 16:59,1,40,1/4/16 17:07

48,9,1/4/16 16:59,1,27,1/4/16 17:49

1,60,1/4/16 16:59,1,6,1/4/16 17:11

1,10,1/4/16 16:59,1,20,1/4/16 17:24

1,26,1/4/16 16:59,1,38,1/4/16 17:20

1,37,1/4/16 16:59,1,35,1/4/16 17:05

1,60,1/4/16 17:00,1,36,1/4/16 18:20

1,35,1/4/16 17:00,1,33,1/4/16 17:06

1,29,1/4/16 17:00,1,23,1/4/16 17:16

1,14,1/4/16 17:00,1,24,1/4/16 17:24

1,35,1/4/16 17:00,1,25,1/4/16 17:22

1,25,1/4/16 17:00,1,23,1/4/16 17:08

1,37,1/4/16 17:00,1,51,1/4/16 17:03

1,29,1/4/16 17:00,1,38,1/4/16 17:16

1,29,1/4/16 17:00,1,36,1/4/16 17:11

3,17,1/4/16 17:00,1,60,1/4/16 18:13

1,37,1/4/16 17:01,1,35,1/4/16 17:08

1,60,1/4/16 17:01,1,16,1/4/16 17:37

5,3,1/4/16 17:01,1,60,1/4/16 18:01

1,26,1/4/16 17:01,1,36,1/4/16 17:19

1,42,1/4/16 17:01,1,38,1/4/16 17:10

1,24,1/4/16 17:01,1,28,1/4/16 17:15

1,42,1/4/16 17:01,1,38,1/4/16 17:11

1,29,1/4/16 17:02,1,40,1/4/16 17:20

1,36,1/4/16 17:02,1,40,1/4/16 17:14

1,28,1/4/16 17:02,1,36,1/4/16 17:15

60,5,1/4/16 17:02,1,60,1/4/16 17:47

6,21,1/4/16 17:02,1,24,1/4/16 17:50

1,20,1/4/16 17:02,1,36,1/4/16 17:34

1,16,1/4/16 17:03,1,20,1/4/16 17:15

1,42,1/4/16 17:03,1,38,1/4/16 17:12

1,35,1/4/16 17:03,1,27,1/4/16 17:14

1,24,1/4/16 17:04,1,34,1/4/16 17:25

1,16,1/4/16 17:04,1,20,1/4/16 17:17

1,28,1/4/16 17:04,1,43,1/4/16 17:14

49,4,1/4/16 17:04,1,27,1/4/16 17:26

1,37,1/4/16 17:04,1,29,1/4/16 17:18

1,20,1/4/16 17:04,1,26,1/4/16 17:18

1,36,1/4/16 17:04,1,40,1/4/16 17:16

1,5,1/4/16 17:04,1,60,1/4/16 17:35

1,24,1/4/16 17:05,1,30,1/4/16 17:22

1,35,1/4/16 17:05,1,25,1/4/16 17:23

1,19,1/4/16 17:05,1,15,1/4/16 17:18

25,4,1/4/16 17:05,1,17,1/4/16 17:48

1,37,1/4/16 17:05,1,35,1/4/16 17:11

1,26,1/4/16 17:05,1,36,1/4/16 17:23

1,28,1/4/16 17:05,1,36,1/4/16 17:19

1,16,1/4/16 17:06,1,26,1/4/16 17:33

1,35,1/4/16 17:06,1,29,1/4/16 17:14

1,23,1/4/16 17:06,1,19,1/4/16 17:12

1,62,1/4/16 17:06,1,8,1/4/16 17:25

1,18,1/4/16 17:06,1,20,1/4/16 17:16

1,26,1/4/16 17:06,1,38,1/4/16 17:32

63,19,1/4/16 17:06,1,17,1/4/16 17:15

1,40,1/4/16 17:06,1,35,1/4/16 17:16

4,7,1/4/16 17:07,1,16,1/4/16 18:14

1,37,1/4/16 17:07,1,35,1/4/16 17:12

1,26,1/4/16 17:07,1,34,1/4/16 17:24

1,35,1/4/16 17:07,1,29,1/4/16 17:16

1,15,1/4/16 17:07,1,13,1/4/16 17:11

35,4,1/4/16 17:07,1,27,1/4/16 18:14

25,14,1/4/16 17:08,1,26,1/4/16 17:48

30,6,1/4/16 17:08,1,26,1/4/16 18:24

1,14,1/4/16 17:08,1,30,1/4/16 17:48

1,38,1/4/16 17:08,1,40,1/4/16 17:13

1,42,1/4/16 17:08,1,40,1/4/16 17:24

49,4,1/4/16 17:08,1,27,1/4/16 17:30

29,4,1/4/16 17:09,1,16,1/4/16 17:54

1,29,1/4/16 17:09,1,36,1/4/16 17:17

1,43,1/4/16 17:09,1,25,1/4/16 17:25

6,5,1/4/16 17:09,1,15,1/4/16 18:16

1,42,1/4/16 17:09,1,40,1/4/16 17:24

1,43,1/4/16 17:09,1,27,1/4/16 17:19

1,10,1/4/16 17:09,1,40,1/4/16 18:09

1,60,1/4/16 17:09,1,16,1/4/16 17:39

1,26,1/4/16 17:10,1,34,1/4/16 17:24

1,6,1/4/16 17:10,1,10,1/4/16 17:23

1,6,1/4/16 17:10,1,8,1/4/16 17:21

1,35,1/4/16 17:10,1,33,1/4/16 17:18

1,29,1/4/16 17:11,1,23,1/4/16 17:27

1,19,1/4/16 17:11,1,13,1/4/16 17:27

1,16,1/4/16 17:12,1,20,1/4/16 17:26

1,27,1/4/16 17:12,1,25,1/4/16 17:18

1,23,1/4/16 17:12,1,17,1/4/16 17:29

1,16,1/4/16 17:12,1,20,1/4/16 17:27

1,10,1/4/16 17:12,1,16,1/4/16 17:26

1,6,1/4/16 17:12,1,8,1/4/16 17:18

1,35,1/4/16 17:12,1,27,1/4/16 17:23

1,19,1/4/16 17:12,1,15,1/4/16 17:26

32,9,1/4/16 17:13,1,26,1/4/16 18:43

1,60,1/4/16 17:13,1,24,1/4/16 18:06

49,3,1/4/16 17:13,1,27,1/4/16 17:32

1,20,1/4/16 17:13,1,26,1/4/16 17:25

1,37,1/4/16 17:13,1,33,1/4/16 17:24

1,26,1/4/16 17:13,1,30,1/4/16 17:24

3,27,1/4/16 17:13,1,14,1/4/16 18:57

1,40,1/4/16 17:13,1,27,1/4/16 17:38

31,8,1/4/16 17:13,1,26,1/4/16 18:33

1,33,1/4/16 17:13,1,27,1/4/16 17:21

32,6,1/4/16 17:13,1,62,1/4/16 17:26

1,16,1/4/16 17:13,1,36,1/4/16 17:52

1,28,1/4/16 17:13,1,34,1/4/16 17:22

29,8,1/4/16 17:13,1,26,1/4/16 18:13

1,25,1/4/16 17:13,1,23,1/4/16 17:20

1,36,1/4/16 17:14,1,38,1/4/16 17:21

30,9,1/4/16 17:14,1,60,1/4/16 17:31

32,2,1/4/16 17:14,1,60,1/4/16 17:48

1,28,1/4/16 17:14,1,38,1/4/16 17:31

30,5,1/4/16 17:15,1,8,1/4/16 17:44

1,36,1/4/16 17:15,1,40,1/4/16 17:29

1,35,1/4/16 17:15,1,27,1/4/16 17:25

1,10,1/4/16 17:15,1,14,1/4/16 17:31

1,46,1/4/16 17:15,1,43,1/4/16 17:30

1,19,1/4/16 17:15,1,17,1/4/16 17:25

32,5,1/4/16 17:15,1,8,1/4/16 17:55

1,35,1/4/16 17:15,1,25,1/4/16 17:33

1,40,1/4/16 17:15,1,51,1/4/16 17:26

1,62,1/4/16 17:15,1,8,1/4/16 17:35

1,40,1/4/16 17:16,1,19,1/4/16 17:57

1,6,1/4/16 17:16,1,8,1/4/16 17:27

1,25,1/4/16 17:16,1,19,1/4/16 17:31

1,40,1/4/16 17:16,1,37,1/4/16 17:20

1,19,1/4/16 17:16,1,61,1/4/16 18:08

1,28,1/4/16 17:17,1,34,1/4/16 17:25

1,35,1/4/16 17:17,1,27,1/4/16 17:31

37,4,1/4/16 17:17,1,30,1/4/16 17:59

45,3,1/4/16 17:17,1,60,1/4/16 18:16

83,3,1/4/16 17:17,1,19,1/4/16 17:52

1,33,1/4/16 17:17,1,29,1/4/16 17:23

18,5,1/4/16 17:18,1,23,1/4/16 18:35

52,21,1/4/16 17:18,1,16,1/4/16 18:23

3,15,1/4/16 17:18,1,8,1/4/16 18:07

58,6,1/4/16 17:18,1,40,1/4/16 19:17

1,15,1/4/16 17:18,1,7,1/4/16 17:35

41,3,1/4/16 17:18,1,40,1/4/16 19:08

31,6,1/4/16 17:18,1,60,1/4/16 17:44

1,35,1/4/16 17:18,1,41,1/4/16 17:21

30,10,1/4/16 17:19,1,8,1/4/16 17:51

1,16,1/4/16 17:19,1,18,1/4/16 17:27

32,6,1/4/16 17:19,1,62,1/4/16 17:41

1,37,1/4/16 17:19,1,29,1/4/16 17:34

1,23,1/4/16 17:19,1,19,1/4/16 17:26

1,33,1/4/16 17:19,1,43,1/4/16 17:22

1,28,1/4/16 17:19,1,34,1/4/16 17:26

1,14,1/4/16 17:19,1,18,1/4/16 17:30

1,35,1/4/16 17:19,1,19,1/4/16 17:51

1,14,1/4/16 17:20,1,20,1/4/16 17:40

1,25,1/4/16 17:20,1,23,1/4/16 17:26

1,52,1/4/16 17:20,1,40,1/4/16 17:32

63,19,1/4/16 17:20,1,15,1/4/16 17:34

1,35,1/4/16 17:20,1,27,1/4/16 17:31

1,16,1/4/16 17:20,1,20,1/4/16 17:35

49,6,1/4/16 17:20,1,60,1/4/16 18:59

1,37,1/4/16 17:21,1,41,1/4/16 17:30

1,13,1/4/16 17:21,1,11,1/4/16 17:25

1,60,1/4/16 17:21,1,8,1/4/16 17:39

1,28,1/4/16 17:21,1,38,1/4/16 17:38

1,40,1/4/16 17:21,1,37,1/4/16 17:25

87,13,1/4/16 17:21,1,15,1/4/16 20:57

1,19,1/4/16 17:21,1,13,1/4/16 17:41

1,13,1/4/16 17:22,1,60,1/4/16 18:02

1,35,1/4/16 17:22,1,41,1/4/16 17:24

88,3,1/4/16 17:22,1,20,1/4/16 18:16

1,37,1/4/16 17:22,1,35,1/4/16 17:28

40,11,1/4/16 17:22,1,36,1/4/16 18:35

1,52,1/4/16 17:22,1,40,1/4/16 17:29

30,5,1/4/16 17:23,1,26,1/4/16 18:46

1,37,1/4/16 17:23,1,51,1/4/16 17:26

1,29,1/4/16 17:23,1,17,1/4/16 17:54

1,9,1/4/16 17:23,1,7,1/4/16 17:28

1,29,1/4/16 17:23,1,36,1/4/16 17:34

1,19,1/4/16 17:23,1,17,1/4/16 17:33

1,35,1/4/16 17:23,1,27,1/4/16 17:34

1,37,1/4/16 17:23,1,29,1/4/16 17:38

1,23,1/4/16 17:24,1,15,1/4/16 17:45

32,7,1/4/16 17:24,1,36,1/4/16 18:56

3,27,1/4/16 17:24,1,60,1/4/16 18:48

1,12,1/4/16 17:24,1,24,1/4/16 17:50

1,40,1/4/16 17:25,1,35,1/4/16 17:34

1,29,1/4/16 17:25,1,38,1/4/16 17:41

32,5,1/4/16 17:25,1,8,1/4/16 17:57

25,21,1/4/16 17:25,1,19,1/4/16 18:11

1,37,1/4/16 17:25,1,35,1/4/16 17:32

88,3,1/4/16 17:25,1,20,1/4/16 18:20

1,28,1/4/16 17:26,1,34,1/4/16 17:35

25,19,1/4/16 17:26,1,17,1/4/16 18:18

1,19,1/4/16 17:26,1,13,1/4/16 17:45

1,23,1/4/16 17:26,1,17,1/4/16 17:43

1,26,1/4/16 17:26,1,34,1/4/16 17:41

1,35,1/4/16 17:26,1,27,1/4/16 17:40

48,5,1/4/16 17:26,1,27,1/4/16 17:34

1,12,1/4/16 17:26,1,14,1/4/16 17:32

1,29,1/4/16 17:26,1,34,1/4/16 17:32

1,13,1/4/16 17:26,1,60,1/4/16 18:06

1,19,1/4/16 17:26,1,15,1/4/16 17:40

1,19,1/4/16 17:26,1,15,1/4/16 17:41

30,5,1/4/16 17:27,1,12,1/4/16 18:28

1,19,1/4/16 17:27,1,15,1/4/16 17:40

37,4,1/4/16 17:27,1,36,1/4/16 18:41

1,26,1/4/16 17:27,1,34,1/4/16 17:41

1,6,1/4/16 17:27,1,8,1/4/16 17:33

63,11,1/4/16 17:27,1,19,1/4/16 17:57

1,6,1/4/16 17:27,1,26,1/4/16 18:17

26,3,1/4/16 17:27,1,17,1/4/16 18:31

1,28,1/4/16 17:27,1,38,1/4/16 17:45

1,15,1/4/16 17:28,1,60,1/4/16 18:09

1,52,1/4/16 17:28,1,38,1/4/16 17:30

1,62,1/4/16 17:28,1,14,1/4/16 18:00

1,6,1/4/16 17:28,1,16,1/4/16 17:47

1,27,1/4/16 17:28,1,23,1/4/16 17:42

34,10,1/4/16 17:28,1,12,1/4/16 18:17

1,36,1/4/16 17:28,1,38,1/4/16 17:35

1,29,1/4/16 17:29,1,36,1/4/16 17:38

75,1,1/4/16 17:29,1,19,1/4/16 17:55

1,40,1/4/16 17:29,1,15,1/4/16 18:21

1,29,1/4/16 17:29,1,36,1/4/16 17:40

1,17,1/4/16 17:29,1,60,1/4/16 18:23

1,42,1/4/16 17:29,1,38,1/4/16 17:37

75,6,1/4/16 17:29,1,17,1/4/16 17:56

1,37,1/4/16 17:29,1,27,1/4/16 17:47

1,38,1/4/16 17:30,1,40,1/4/16 17:37

1,33,1/4/16 17:30,1,40,1/4/16 17:50

49,15,1/4/16 17:31,1,27,1/4/16 18:13

1,19,1/4/16 17:31,1,11,1/4/16 17:56

1,60,1/4/16 17:31,1,16,1/4/16 18:04

1,33,1/4/16 17:31,1,36,1/4/16 17:36

6,11,1/4/16 17:31,1,38,1/4/16 19:00

1,10,1/4/16 17:31,1,14,1/4/16 17:41

17,13,1/4/16 17:31,1,61,1/4/16 18:23

1,40,1/4/16 17:31,1,23,1/4/16 18:10

34,3,1/4/16 17:32,1,62,1/4/16 18:09

1,29,1/4/16 17:32,1,19,1/4/16 17:56

1,37,1/4/16 17:32,1,33,1/4/16 17:45

1,29,1/4/16 17:32,1,34,1/4/16 17:38

1,46,1/4/16 17:32,1,28,1/4/16 17:36

1,42,1/4/16 17:32,1,43,1/4/16 17:33

1,37,1/4/16 17:32,1,41,1/4/16 17:43

48,5,1/4/16 17:33,1,61,1/4/16 18:49

1,40,1/4/16 17:33,1,29,1/4/16 17:50

1,37,1/4/16 17:33,1,27,1/4/16 17:53

48,9,1/4/16 17:34,1,27,1/4/16 17:50

51,15,1/4/16 17:34,1,14,1/4/16 20:17

1,10,1/4/16 17:34,1,20,1/4/16 18:00

1,18,1/4/16 17:34,1,24,1/4/16 17:48

1,43,1/4/16 17:34,1,41,1/4/16 17:36

19,3,1/4/16 17:34,1,24,1/4/16 18:29

6,5,1/4/16 17:35,1,17,1/4/16 18:42

1,28,1/4/16 17:35,1,38,1/4/16 18:10

6,21,1/4/16 17:35,1,26,1/4/16 18:21

1,16,1/4/16 17:35,1,28,1/4/16 18:15

17,7,1/4/16 17:35,1,60,1/4/16 18:26

1,19,1/4/16 17:35,1,15,1/4/16 17:49

1,52,1/4/16 17:35,1,38,1/4/16 17:38

1,40,1/4/16 17:35,1,35,1/4/16 17:47

27,11,1/4/16 17:35,1,27,1/4/16 17:44

1,35,1/4/16 17:35,1,33,1/4/16 17:41

16,13,1/4/16 17:35,1,10,1/4/16 20:04

52,17,1/4/16 17:35,1,10,1/4/16 18:58

1,33,1/4/16 17:35,1,27,1/4/16 17:45

1,33,1/4/16 17:36,1,36,1/4/16 17:41

1,35,1/4/16 17:36,1,29,1/4/16 17:45

1,10,1/4/16 17:36,1,12,1/4/16 17:45

1,17,1/4/16 17:36,1,13,1/4/16 17:45

37,4,1/4/16 17:36,1,26,1/4/16 18:15

1,28,1/4/16 17:36,1,34,1/4/16 17:45

1,19,1/4/16 17:36,1,15,1/4/16 17:49

1,42,1/4/16 17:36,1,36,1/4/16 17:41

1,35,1/4/16 17:36,1,27,1/4/16 17:48

1,37,1/4/16 17:37,1,41,1/4/16 17:49

48,10,1/4/16 17:37,1,27,1/4/16 17:52

63,19,1/4/16 17:37,1,61,1/4/16 18:21

90,29,1/4/16 17:37,1,24,1/4/16 20:52

1,23,1/4/16 17:38,1,17,1/4/16 17:53

1,25,1/4/16 17:38,1,11,1/4/16 18:12

1,37,1/4/16 17:38,1,35,1/4/16 17:45

17,18,1/4/16 17:38,1,60,1/4/16 19:24

1,36,1/4/16 17:38,1,38,1/4/16 17:45

1,8,1/4/16 17:39,1,16,1/4/16 17:56

1,16,1/4/16 17:39,1,20,1/4/16 17:54

1,11,1/4/16 17:39,1,60,1/4/16 18:16

1,52,1/4/16 17:39,1,40,1/4/16 17:49

1,23,1/4/16 17:39,1,19,1/4/16 17:46

1,40,1/4/16 17:39,1,51,1/4/16 17:45

1,60,1/4/16 17:39,1,16,1/4/16 18:11

1,62,1/4/16 17:39,1,14,1/4/16 18:06

63,19,1/4/16 17:39,1,17,1/4/16 17:50

75,6,1/4/16 17:39,1,19,1/4/16 18:02

32,2,1/4/16 17:39,1,26,1/4/16 19:02

1,37,1/4/16 17:39,1,25,1/4/16 18:03

1,35,1/4/16 17:40,1,33,1/4/16 17:46

1,26,1/4/16 17:40,1,36,1/4/16 18:01

1,42,1/4/16 17:41,1,36,1/4/16 17:44

1,29,1/4/16 17:41,1,36,1/4/16 17:50

1,28,1/4/16 17:41,1,34,1/4/16 17:50

1,6,1/4/16 17:41,1,8,1/4/16 17:46

63,19,1/4/16 17:41,1,13,1/4/16 17:59

1,18,1/4/16 17:41,1,20,1/4/16 17:54

1,29,1/4/16 17:42,1,38,1/4/16 17:59

32,2,1/4/16 17:42,1,8,1/4/16 18:26

1,33,1/4/16 17:42,1,29,1/4/16 17:48

1,14,1/4/16 17:42,1,16,1/4/16 17:49

48,10,1/4/16 17:42,1,27,1/4/16 17:59

1,9,1/4/16 17:42,1,7,1/4/16 17:48

1,37,1/4/16 17:42,1,51,1/4/16 17:45

40,11,1/4/16 17:42,1,24,1/4/16 18:33

1,33,1/4/16 17:42,1,36,1/4/16 17:51

1,35,1/4/16 17:42,1,41,1/4/16 17:46

1,18,1/4/16 17:43,1,26,1/4/16 18:16

32,5,1/4/16 17:43,1,16,1/4/16 18:39

1,24,1/4/16 17:43,1,30,1/4/16 18:04

1,19,1/4/16 17:43,1,15,1/4/16 17:57

1,35,1/4/16 17:43,1,41,1/4/16 17:47

1,19,1/4/16 17:43,1,17,1/4/16 17:53

1,14,1/4/16 17:43,1,20,1/4/16 18:00

1,29,1/4/16 17:43,1,36,1/4/16 17:53

1,9,1/4/16 17:43,1,5,1/4/16 17:56

1,40,1/4/16 17:43,1,15,1/4/16 18:29

3,23,1/4/16 17:43,1,26,1/4/16 19:31

1,24,1/4/16 17:44,1,28,1/4/16 18:00

1,40,1/4/16 17:44,1,51,1/4/16 17:52

32,15,1/4/16 17:44,1,12,1/4/16 18:25

1,43,1/4/16 17:44,1,27,1/4/16 17:53

1,35,1/4/16 17:44,1,41,1/4/16 17:47

1,42,1/4/16 17:44,1,38,1/4/16 17:52

48,7,1/4/16 17:44,1,27,1/4/16 17:59

1,29,1/4/16 17:44,1,19,1/4/16 18:10

1,40,1/4/16 17:44,1,51,1/4/16 17:54

1,28,1/4/16 17:44,1,36,1/4/16 17:56

1,52,1/4/16 17:44,1,40,1/4/16 17:53

70,5,1/4/16 17:44,1,23,1/4/16 18:37

1,37,1/4/16 17:45,1,51,1/4/16 17:48

1,28,1/4/16 17:45,1,34,1/4/16 17:54

1,40,1/4/16 17:45,1,37,1/4/16 17:49

1,16,1/4/16 17:45,1,20,1/4/16 18:01

32,2,1/4/16 17:45,1,6,1/4/16 18:19

1,52,1/4/16 17:45,1,40,1/4/16 17:54

1,40,1/4/16 17:45,1,27,1/4/16 18:06

32,15,1/4/16 17:45,1,14,1/4/16 18:37

1,29,1/4/16 17:45,1,36,1/4/16 17:55

1,26,1/4/16 17:45,1,38,1/4/16 18:12

1,23,1/4/16 17:45,1,19,1/4/16 17:55

1,29,1/4/16 17:46,1,36,1/4/16 17:56

1,37,1/4/16 17:46,1,51,1/4/16 17:49

37,4,1/4/16 17:46,1,15,1/4/16 18:13

1,29,1/4/16 17:46,1,23,1/4/16 18:01

1,40,1/4/16 17:46,1,41,1/4/16 18:00

48,10,1/4/16 17:46,1,27,1/4/16 18:02

1,12,1/4/16 17:47,1,38,1/4/16 18:48

1,37,1/4/16 17:47,1,51,1/4/16 17:51

1,28,1/4/16 17:47,1,38,1/4/16 18:04

1,37,1/4/16 17:47,1,27,1/4/16 18:05

1,28,1/4/16 17:47,1,30,1/4/16 17:52

1,60,1/4/16 17:47,1,8,1/4/16 18:08

1,6,1/4/16 17:47,1,8,1/4/16 17:58

1,40,1/4/16 17:47,1,51,1/4/16 17:57

1,28,1/4/16 17:47,1,36,1/4/16 18:00

1,26,1/4/16 17:47,1,34,1/4/16 18:03

1,24,1/4/16 17:48,1,26,1/4/16 17:55

1,35,1/4/16 17:48,1,41,1/4/16 17:51

1,16,1/4/16 17:48,1,24,1/4/16 18:08

1,26,1/4/16 17:48,1,36,1/4/16 18:10

1,40,1/4/16 17:48,1,51,1/4/16 17:55

1,38,1/4/16 17:48,1,40,1/4/16 17:53

1,26,1/4/16 17:49,1,36,1/4/16 18:08

1,23,1/4/16 17:49,1,19,1/4/16 17:57

1,15,1/4/16 17:49,1,60,1/4/16 18:32

1,29,1/4/16 17:49,1,36,1/4/16 17:58

1,40,1/4/16 17:49,1,51,1/4/16 17:56

17,17,1/4/16 17:50,1,60,1/4/16 19:17

1,35,1/4/16 17:50,1,33,1/4/16 17:55

1,29,1/4/16 17:50,1,27,1/4/16 17:54

23,6,1/4/16 17:50,1,40,1/4/16 19:44

1,33,1/4/16 17:50,1,36,1/4/16 17:56

1,10,1/4/16 17:50,1,16,1/4/16 18:05

1,8,1/4/16 17:50,1,10,1/4/16 17:56

1,5,1/4/16 17:50,1,60,1/4/16 18:25

28,11,1/4/16 17:51,1,38,1/4/16 19:15

1,28,1/4/16 17:51,1,34,1/4/16 17:59

1,36,1/4/16 17:51,1,38,1/4/16 17:58

1,42,1/4/16 17:51,1,38,1/4/16 18:00

1,35,1/4/16 17:51,1,27,1/4/16 18:01

1,33,1/4/16 17:51,1,5,1/4/16 18:48

1,16,1/4/16 17:51,1,20,1/4/16 18:06

1,28,1/4/16 17:51,1,30,1/4/16 17:54

1,29,1/4/16 17:52,1,36,1/4/16 18:00

30,5,1/4/16 17:52,1,12,1/4/16 18:33

1,23,1/4/16 17:52,1,15,1/4/16 18:10

1,8,1/4/16 17:52,1,20,1/4/16 18:21

1,19,1/4/16 17:52,1,13,1/4/16 18:07

1,20,1/4/16 17:52,1,24,1/4/16 18:00

1,62,1/4/16 17:52,1,16,1/4/16 18:25

1,6,1/4/16 17:52,1,26,1/4/16 18:48

1,37,1/4/16 17:53,1,29,1/4/16 18:10

1,52,1/4/16 17:53,1,40,1/4/16 18:01

1,19,1/4/16 17:53,1,17,1/4/16 18:08

3,27,1/4/16 17:53,1,20,1/4/16 19:33

1,37,1/4/16 17:53,1,51,1/4/16 17:57

1,14,1/4/16 17:53,1,20,1/4/16 18:09

29,5,1/4/16 17:54,1,26,1/4/16 19:14

48,9,1/4/16 17:54,1,27,1/4/16 18:09

1,29,1/4/16 17:54,1,38,1/4/16 18:09

48,7,1/4/16 17:54,1,45,1/4/16 18:12

1,33,1/4/16 17:54,1,38,1/4/16 18:05

1,52,1/4/16 17:54,1,40,1/4/16 18:02

1,12,1/4/16 17:54,1,20,1/4/16 18:14

1,35,1/4/16 17:54,1,27,1/4/16 18:07

1,26,1/4/16 17:54,1,40,1/4/16 18:28

1,28,1/4/16 17:55,1,43,1/4/16 18:06

1,52,1/4/16 17:55,1,40,1/4/16 18:04

1,40,1/4/16 17:55,1,23,1/4/16 18:28

1,20,1/4/16 17:55,1,24,1/4/16 18:06

1,40,1/4/16 17:56,1,35,1/4/16 18:05

1,35,1/4/16 17:56,1,25,1/4/16 18:12

49,15,1/4/16 17:56,1,60,1/4/16 20:14

1,37,1/4/16 17:56,1,51,1/4/16 17:59

32,7,1/4/16 17:56,1,6,1/4/16 18:20

1,19,1/4/16 17:56,1,17,1/4/16 18:10

19,5,1/4/16 17:57,1,19,1/4/16 18:55

32,5,1/4/16 17:57,1,16,1/4/16 18:48

1,40,1/4/16 17:57,1,27,1/4/16 18:20

1,20,1/4/16 17:57,1,24,1/4/16 18:06

1,20,1/4/16 17:57,1,26,1/4/16 18:11

1,52,1/4/16 17:57,1,40,1/4/16 18:05

32,9,1/4/16 17:57,1,8,1/4/16 18:47

1,37,1/4/16 17:57,1,29,1/4/16 18:14

1,28,1/4/16 17:57,1,40,1/4/16 18:19

1,40,1/4/16 17:58,1,35,1/4/16 18:08

30,4,1/4/16 17:58,1,36,1/4/16 19:13

1,29,1/4/16 17:58,1,27,1/4/16 18:01

1,15,1/4/16 17:58,1,5,1/4/16 18:21

23,7,1/4/16 17:58,1,62,1/4/16 18:44

1,29,1/4/16 17:58,1,19,1/4/16 18:20

1,23,1/4/16 17:59,1,17,1/4/16 18:16

1,16,1/4/16 17:59,1,20,1/4/16 18:10

1,9,1/4/16 17:59,1,60,1/4/16 18:32

1,40,1/4/16 17:59,1,29,1/4/16 18:19

1,26,1/4/16 17:59,1,40,1/4/16 18:30

1,16,1/4/16 17:59,1,28,1/4/16 18:33

1,29,1/4/16 18:00,1,40,1/4/16 18:20

1,19,1/4/16 18:00,1,15,1/4/16 18:14

1,36,1/4/16 18:00,1,38,1/4/16 18:07

63,3,1/4/16 18:01,1,19,1/4/16 18:16

30,6,1/4/16 18:01,1,6,1/4/16 18:22

1,23,1/4/16 18:01,1,19,1/4/16 18:08

1,35,1/4/16 18:01,1,33,1/4/16 18:06

1,19,1/4/16 18:01,1,15,1/4/16 18:17

1,40,1/4/16 18:01,1,37,1/4/16 18:06

1,28,1/4/16 18:01,1,36,1/4/16 18:14

32,15,1/4/16 18:01,1,62,1/4/16 18:08

1,42,1/4/16 18:01,1,40,1/4/16 18:17

1,6,1/4/16 18:01,1,8,1/4/16 18:07

1,11,1/4/16 18:01,1,60,1/4/16 18:27

1,60,1/4/16 18:02,1,12,1/4/16 18:37

1,60,1/4/16 18:02,1,8,1/4/16 18:20

29,5,1/4/16 18:02,1,12,1/4/16 19:00

1,10,1/4/16 18:02,1,12,1/4/16 18:11

1,46,1/4/16 18:02,1,30,1/4/16 18:09

1,35,1/4/16 18:02,1,29,1/4/16 18:13

29,5,1/4/16 18:03,1,26,1/4/16 19:33

30,5,1/4/16 18:03,1,16,1/4/16 18:54

1,62,1/4/16 18:03,1,26,1/4/16 18:57

1,40,1/4/16 18:03,1,41,1/4/16 18:15

1,20,1/4/16 18:03,1,26,1/4/16 18:20

63,19,1/4/16 18:03,1,24,1/4/16 18:13

1,29,1/4/16 18:03,1,36,1/4/16 18:13

1,19,1/4/16 18:03,1,15,1/4/16 18:19

1,52,1/4/16 18:04,1,40,1/4/16 18:13

1,52,1/4/16 18:04,1,40,1/4/16 18:10

1,40,1/4/16 18:04,1,33,1/4/16 18:25

1,26,1/4/16 18:04,1,36,1/4/16 18:22

1,40,1/4/16 18:04,1,35,1/4/16 18:14

1,19,1/4/16 18:04,1,13,1/4/16 18:24

63,19,1/4/16 18:04,1,24,1/4/16 18:14

36,25,1/4/16 18:04,1,24,1/4/16 19:48

1,40,1/4/16 18:04,1,37,1/4/16 18:09

1,35,1/4/16 18:04,1,41,1/4/16 18:07

1,19,1/4/16 18:05,1,11,1/4/16 18:27

1,37,1/4/16 18:05,1,27,1/4/16 18:25

1,33,1/4/16 18:05,1,27,1/4/16 18:16

1,26,1/4/16 18:05,1,30,1/4/16 18:14

1,9,1/4/16 18:05,1,7,1/4/16 18:13

1,40,1/4/16 18:05,1,35,1/4/16 18:16

1,35,1/4/16 18:05,1,25,1/4/16 18:24

1,40,1/4/16 18:05,1,37,1/4/16 18:09

1,35,1/4/16 18:05,1,27,1/4/16 18:15

1,40,1/4/16 18:05,1,35,1/4/16 18:14

50,11,1/4/16 18:05,1,60,1/4/16 19:21

1,60,1/4/16 18:05,1,6,1/4/16 18:21

29,2,1/4/16 18:06,1,34,1/4/16 19:31

30,5,1/4/16 18:06,1,62,1/4/16 18:36

1,35,1/4/16 18:06,1,27,1/4/16 18:17

1,23,1/4/16 18:06,1,60,1/4/16 19:00

1,37,1/4/16 18:06,1,27,1/4/16 18:27

1,29,1/4/16 18:06,1,36,1/4/16 18:15

1,40,1/4/16 18:06,1,51,1/4/16 18:13

1,40,1/4/16 18:06,1,37,1/4/16 18:11

1,29,1/4/16 18:06,1,36,1/4/16 18:17

1,24,1/4/16 18:06,1,40,1/4/16 18:49

1,20,1/4/16 18:07,1,26,1/4/16 18:24

1,6,1/4/16 18:07,1,12,1/4/16 18:21

30,5,1/4/16 18:07,1,14,1/4/16 18:56

1,28,1/4/16 18:07,1,36,1/4/16 18:20

1,46,1/4/16 18:07,1,28,1/4/16 18:14

1,28,1/4/16 18:07,1,40,1/4/16 18:28

1,37,1/4/16 18:07,1,51,1/4/16 18:10

3,27,1/4/16 18:07,1,18,1/4/16 19:34

1,35,1/4/16 18:07,1,27,1/4/16 18:19

1,37,1/4/16 18:07,1,29,1/4/16 18:24

2,5,1/4/16 18:08,1,27,1/4/16 18:49

1,33,1/4/16 18:08,1,38,1/4/16 18:21

1,35,1/4/16 18:08,1,41,1/4/16 18:10

1,20,1/4/16 18:08,1,26,1/4/16 18:22

1,42,1/4/16 18:08,1,36,1/4/16 18:11

1,14,1/4/16 18:08,1,18,1/4/16 18:17

1,17,1/4/16 18:08,1,15,1/4/16 18:13

1,24,1/4/16 18:08,1,30,1/4/16 18:26

1,19,1/4/16 18:08,1,13,1/4/16 18:25

27,3,1/4/16 18:08,1,27,1/4/16 18:21

1,40,1/4/16 18:09,1,41,1/4/16 18:21

1,40,1/4/16 18:09,1,27,1/4/16 18:30

1,37,1/4/16 18:09,1,33,1/4/16 18:24

1,37,1/4/16 18:09,1,51,1/4/16 18:12

1,9,1/4/16 18:09,1,7,1/4/16 18:16

1,18,1/4/16 18:09,1,30,1/4/16 18:42

1,40,1/4/16 18:09,1,33,1/4/16 18:24

1,28,1/4/16 18:10,1,36,1/4/16 18:23

1,40,1/4/16 18:10,1,51,1/4/16 18:16

1,37,1/4/16 18:10,1,33,1/4/16 18:23

1,29,1/4/16 18:10,1,38,1/4/16 18:26

1,40,1/4/16 18:10,1,35,1/4/16 18:24

1,33,1/4/16 18:10,1,40,1/4/16 18:31

1,42,1/4/16 18:10,1,36,1/4/16 18:14

1,19,1/4/16 18:11,1,13,1/4/16 18:32

1,37,1/4/16 18:11,1,51,1/4/16 18:14

1,18,1/4/16 18:11,1,34,1/4/16 18:46

1,28,1/4/16 18:11,1,36,1/4/16 18:23

1,40,1/4/16 18:11,1,27,1/4/16 18:39

1,12,1/4/16 18:11,1,20,1/4/16 18:30

1,29,1/4/16 18:11,1,23,1/4/16 18:31

23,3,1/4/16 18:11,1,12,1/4/16 19:29

1,40,1/4/16 18:12,1,33,1/4/16 18:30

1,29,1/4/16 18:12,1,27,1/4/16 18:15

1,52,1/4/16 18:12,1,38,1/4/16 18:15

1,25,1/4/16 18:12,1,23,1/4/16 18:21

1,52,1/4/16 18:12,1,40,1/4/16 18:31

1,18,1/4/16 18:12,1,20,1/4/16 18:21

1,19,1/4/16 18:13,1,15,1/4/16 18:29

1,20,1/4/16 18:13,1,26,1/4/16 18:29

1,35,1/4/16 18:13,1,33,1/4/16 18:18

1,13,1/4/16 18:13,1,60,1/4/16 18:49

31,7,1/4/16 18:13,1,8,1/4/16 18:52

107,2,1/4/16 18:14,1,27,1/4/16 18:42

1,10,1/4/16 18:14,1,16,1/4/16 18:25

53,11,1/4/16 18:14,1,62,1/4/16 21:39

1,35,1/4/16 18:14,1,33,1/4/16 18:20

55,3,1/4/16 18:14,1,15,1/4/16 19:57

1,12,1/4/16 18:14,1,20,1/4/16 18:37

25,20,1/4/16 18:14,1,17,1/4/16 18:59

1,40,1/4/16 18:14,1,35,1/4/16 18:25

1,60,1/4/16 18:14,1,12,1/4/16 18:46

1,29,1/4/16 18:14,1,15,1/4/16 18:48

1,29,1/4/16 18:15,1,34,1/4/16 18:21

1,40,1/4/16 18:15,1,33,1/4/16 18:35

1,26,1/4/16 18:15,1,36,1/4/16 18:32

1,23,1/4/16 18:15,1,19,1/4/16 18:25

1,40,1/4/16 18:15,1,37,1/4/16 18:20

1,37,1/4/16 18:15,1,29,1/4/16 18:32

1,36,1/4/16 18:15,1,40,1/4/16 18:31

3,27,1/4/16 18:16,1,26,1/4/16 19:57

1,42,1/4/16 18:16,1,36,1/4/16 18:19

1,37,1/4/16 18:16,1,29,1/4/16 18:35

1,26,1/4/16 18:16,1,30,1/4/16 18:25

107,2,1/4/16 18:16,1,27,1/4/16 18:45

1,20,1/4/16 18:16,1,24,1/4/16 18:25

49,15,1/4/16 18:16,1,27,1/4/16 18:57

1,43,1/4/16 18:16,1,33,1/4/16 18:22

1,38,1/4/16 18:16,1,40,1/4/16 18:21

2,5,1/4/16 18:17,1,27,1/4/16 18:56

1,23,1/4/16 18:17,1,19,1/4/16 18:25

1,37,1/4/16 18:17,1,51,1/4/16 18:22

1,37,1/4/16 18:18,1,51,1/4/16 18:24

1,28,1/4/16 18:18,1,34,1/4/16 18:27

1,37,1/4/16 18:18,1,33,1/4/16 18:29

31,8,1/4/16 18:18,1,60,1/4/16 18:37

30,9,1/4/16 18:18,1,8,1/4/16 18:51

1,28,1/4/16 18:18,1,40,1/4/16 19:00

1,11,1/4/16 18:18,1,60,1/4/16 18:48

1,46,1/4/16 18:18,1,40,1/4/16 18:47

48,5,1/4/16 18:18,1,23,1/4/16 18:39

1,35,1/4/16 18:19,1,33,1/4/16 18:24

1,10,1/4/16 18:19,1,14,1/4/16 18:30

1,17,1/4/16 18:19,1,15,1/4/16 18:24

1,38,1/4/16 18:19,1,40,1/4/16 18:25

48,7,1/4/16 18:19,1,27,1/4/16 18:34

49,4,1/4/16 18:19,1,27,1/4/16 18:42

1,23,1/4/16 18:19,1,17,1/4/16 18:37

1,29,1/4/16 18:19,1,36,1/4/16 18:30

1,26,1/4/16 18:19,1,30,1/4/16 18:29

1,24,1/4/16 18:20,1,26,1/4/16 18:28

1,35,1/4/16 18:20,1,25,1/4/16 18:40

1,12,1/4/16 18:20,1,20,1/4/16 18:40

1,16,1/4/16 18:20,1,40,1/4/16 19:25

1,40,1/4/16 18:20,1,35,1/4/16 18:33

1,60,1/4/16 18:20,1,12,1/4/16 18:54

1,35,1/4/16 18:21,1,41,1/4/16 18:25

1,37,1/4/16 18:21,1,51,1/4/16 18:25

1,46,1/4/16 18:21,1,30,1/4/16 18:29

1,40,1/4/16 18:21,1,7,1/4/16 19:21

1,19,1/4/16 18:21,1,15,1/4/16 18:35

1,29,1/4/16 18:21,1,23,1/4/16 18:36

1,29,1/4/16 18:21,1,36,1/4/16 18:31

49,15,1/4/16 18:22,1,27,1/4/16 19:00

1,29,1/4/16 18:22,1,36,1/4/16 18:32

1,52,1/4/16 18:22,1,40,1/4/16 18:32

63,19,1/4/16 18:22,1,24,1/4/16 18:36

31,2,1/4/16 18:22,1,16,1/4/16 19:33

1,37,1/4/16 18:22,1,41,1/4/16 18:33

30,5,1/4/16 18:22,1,16,1/4/16 19:11

1,20,1/4/16 18:22,1,24,1/4/16 18:29

1,37,1/4/16 18:23,1,51,1/4/16 18:27

32,6,1/4/16 18:23,1,6,1/4/16 18:43

1,36,1/4/16 18:23,1,40,1/4/16 18:39

1,18,1/4/16 18:24,1,20,1/4/16 18:34

32,7,1/4/16 18:24,1,26,1/4/16 19:36

48,5,1/4/16 18:24,1,27,1/4/16 18:34

1,37,1/4/16 18:24,1,35,1/4/16 18:30

1,28,1/4/16 18:24,1,43,1/4/16 18:34

1,37,1/4/16 18:24,1,33,1/4/16 18:36

48,5,1/4/16 18:25,1,27,1/4/16 18:36

1,37,1/4/16 18:25,1,33,1/4/16 18:36

49,7,1/4/16 18:25,1,19,1/4/16 19:23

1,40,1/4/16 18:25,1,29,1/4/16 18:46

1,29,1/4/16 18:25,1,36,1/4/16 18:34

1,37,1/4/16 18:25,1,35,1/4/16 18:33

28,19,1/4/16 18:25,1,13,1/4/16 19:27

32,15,1/4/16 18:25,1,62,1/4/16 18:40

1,29,1/4/16 18:25,1,40,1/4/16 18:51

50,11,1/4/16 18:25,1,19,1/4/16 19:03

1,19,1/4/16 18:25,1,15,1/4/16 18:40

1,52,1/4/16 18:25,1,40,1/4/16 18:35

1,20,1/4/16 18:25,1,34,1/4/16 18:52

25,19,1/4/16 18:26,1,19,1/4/16 19:09

4,15,1/4/16 18:26,1,16,1/4/16 19:28

1,37,1/4/16 18:26,1,33,1/4/16 18:42

1,42,1/4/16 18:26,1,38,1/4/16 18:35

1,24,1/4/16 18:26,1,26,1/4/16 18:34

1,38,1/4/16 18:26,1,40,1/4/16 18:31

1,19,1/4/16 18:27,1,15,1/4/16 18:49

30,4,1/4/16 18:27,1,8,1/4/16 18:59

1,35,1/4/16 18:27,1,15,1/4/16 19:07

1,40,1/4/16 18:27,1,51,1/4/16 18:37

1,25,1/4/16 18:27,1,23,1/4/16 18:34

1,29,1/4/16 18:27,1,40,1/4/16 18:54

1,19,1/4/16 18:28,1,11,1/4/16 18:50

1,37,1/4/16 18:28,1,51,1/4/16 18:32

1,29,1/4/16 18:28,1,36,1/4/16 18:37

29,5,1/4/16 18:28,1,8,1/4/16 19:01

1,40,1/4/16 18:28,1,29,1/4/16 18:51

59,13,1/4/16 18:29,1,16,1/4/16 19:38

1,25,1/4/16 18:29,1,23,1/4/16 18:37

20,4,1/4/16 18:29,1,36,1/4/16 20:52

63,19,1/4/16 18:29,1,24,1/4/16 18:42

1,40,1/4/16 18:29,1,37,1/4/16 18:33

1,36,1/4/16 18:29,1,40,1/4/16 18:46

1,20,1/4/16 18:30,1,36,1/4/16 19:04

1,37,1/4/16 18:30,1,33,1/4/16 18:44

3,27,1/4/16 18:30,1,16,1/4/16 20:01

1,36,1/4/16 18:30,1,40,1/4/16 18:50

1,29,1/4/16 18:30,1,17,1/4/16 19:00

1,29,1/4/16 18:30,1,36,1/4/16 18:39

1,60,1/4/16 18:31,1,8,1/4/16 18:46

1,24,1/4/16 18:31,1,30,1/4/16 18:48

48,5,1/4/16 18:31,1,27,1/4/16 18:41

1,37,1/4/16 18:31,1,51,1/4/16 18:35

1,37,1/4/16 18:31,1,51,1/4/16 18:35

34,10,1/4/16 18:31,1,14,1/4/16 19:22

1,13,1/4/16 18:32,1,11,1/4/16 18:38

1,37,1/4/16 18:32,1,51,1/4/16 18:36

1,40,1/4/16 18:32,1,29,1/4/16 18:55

1,7,1/4/16 18:32,1,60,1/4/16 18:52

1,37,1/4/16 18:32,1,29,1/4/16 18:49

1,42,1/4/16 18:32,1,36,1/4/16 18:36

48,10,1/4/16 18:32,1,27,1/4/16 18:58

32,2,1/4/16 18:33,1,26,1/4/16 19:50

1,60,1/4/16 18:33,1,12,1/4/16 19:01

1,42,1/4/16 18:33,1,36,1/4/16 18:36

1,26,1/4/16 18:33,1,43,1/4/16 18:49

1,19,1/4/16 18:33,1,17,1/4/16 18:44

1,29,1/4/16 18:34,1,36,1/4/16 18:43

1,11,1/4/16 18:34,1,60,1/4/16 19:05

1,40,1/4/16 18:34,1,27,1/4/16 18:53

1,52,1/4/16 18:34,1,40,1/4/16 18:46

1,36,1/4/16 18:34,1,38,1/4/16 18:41

29,4,1/4/16 18:34,1,18,1/4/16 19:25

1,29,1/4/16 18:35,1,23,1/4/16 18:54

63,11,1/4/16 18:35,1,24,1/4/16 19:05

1,42,1/4/16 18:35,1,36,1/4/16 18:38

1,18,1/4/16 18:35,1,20,1/4/16 18:45

49,4,1/4/16 18:36,1,27,1/4/16 18:57

63,3,1/4/16 18:36,1,19,1/4/16 18:50

3,15,1/4/16 18:36,1,26,1/4/16 20:01

1,40,1/4/16 18:36,1,29,1/4/16 18:57

1,40,1/4/16 18:36,1,35,1/4/16 18:49

1,40,1/4/16 18:36,1,51,1/4/16 19:14

75,5,1/4/16 18:36,1,19,1/4/16 18:59

32,15,1/4/16 18:36,1,62,1/4/16 18:43

49,15,1/4/16 18:37,1,27,1/4/16 19:13

29,5,1/4/16 18:37,1,60,1/4/16 18:59

1,37,1/4/16 18:37,1,51,1/4/16 18:40

1,6,1/4/16 18:37,1,14,1/4/16 18:58

1,25,1/4/16 18:37,1,13,1/4/16 19:08

1,37,1/4/16 18:37,1,29,1/4/16 18:53

1,40,1/4/16 18:37,1,25,1/4/16 19:05

37,4,1/4/16 18:37,1,15,1/4/16 19:05

1,24,1/4/16 18:38,1,30,1/4/16 18:52

32,6,1/4/16 18:38,1,16,1/4/16 19:26

28,19,1/4/16 18:38,1,17,1/4/16 19:36

1,37,1/4/16 18:38,1,51,1/4/16 18:42

1,29,1/4/16 18:38,1,36,1/4/16 18:47

1,42,1/4/16 18:38,1,40,1/4/16 19:02

57,7,1/4/16 18:38,1,17,1/4/16 19:15

1,40,1/4/16 18:39,1,29,1/4/16 18:58

1,37,1/4/16 18:39,1,15,1/4/16 19:22

6,21,1/4/16 18:39,1,26,1/4/16 19:17

1,60,1/4/16 18:39,1,14,1/4/16 19:07

1,60,1/4/16 18:39,1,8,1/4/16 18:54

51,3,1/4/16 18:39,1,8,1/4/16 23:45

37,4,1/4/16 18:39,1,34,1/4/16 19:19

1,36,1/4/16 18:39,1,40,1/4/16 18:54

1,60,1/4/16 18:39,1,62,1/4/16 18:41

1,37,1/4/16 18:39,1,35,1/4/16 18:48

1,40,1/4/16 18:40,1,51,1/4/16 18:47

1,29,1/4/16 18:40,1,40,1/4/16 19:03

1,16,1/4/16 18:40,1,20,1/4/16 18:57

1,29,1/4/16 18:40,1,34,1/4/16 18:45

1,46,1/4/16 18:40,1,28,1/4/16 18:46

25,7,1/4/16 18:40,1,17,1/4/16 19:13

25,7,1/4/16 18:41,1,19,1/4/16 19:11

25,21,1/4/16 18:41,1,19,1/4/16 19:21

26,18,1/4/16 18:42,1,38,1/4/16 20:13

1,40,1/4/16 18:42,1,35,1/4/16 18:52

6,54,1/4/16 18:42,1,26,1/4/16 19:27

23,7,1/4/16 18:43,1,8,1/4/16 19:48

1,20,1/4/16 18:43,1,38,1/4/16 19:28

1,27,1/4/16 18:43,1,7,1/4/16 19:39

1,29,1/4/16 18:43,1,25,1/4/16 18:53

28,19,1/4/16 18:43,1,24,1/4/16 19:31

1,15,1/4/16 18:43,1,9,1/4/16 18:57

32,9,1/4/16 18:43,1,12,1/4/16 19:32

1,26,1/4/16 18:43,1,34,1/4/16 18:58

1,20,1/4/16 18:43,1,24,1/4/16 18:52

1,37,1/4/16 18:44,1,35,1/4/16 18:51

1,28,1/4/16 18:44,1,36,1/4/16 18:58

1,29,1/4/16 18:44,1,23,1/4/16 19:01

1,36,1/4/16 18:44,1,40,1/4/16 19:24

1,35,1/4/16 18:45,1,29,1/4/16 18:54

1,16,1/4/16 18:45,1,24,1/4/16 19:05

49,3,1/4/16 18:45,1,23,1/4/16 19:16

1,17,1/4/16 18:45,1,15,1/4/16 18:52

1,35,1/4/16 18:45,1,41,1/4/16 18:49

1,40,1/4/16 18:45,1,29,1/4/16 19:06

1,40,1/4/16 18:46,1,27,1/4/16 19:12

1,5,1/4/16 18:46,1,60,1/4/16 19:06

30,6,1/4/16 18:46,1,40,1/4/16 20:18

1,40,1/4/16 18:46,1,29,1/4/16 19:08

1,25,1/4/16 18:46,1,19,1/4/16 18:59

1,35,1/4/16 18:47,1,33,1/4/16 18:53

34,10,1/4/16 18:47,1,38,1/4/16 20:15

1,6,1/4/16 18:47,1,8,1/4/16 19:11

1,40,1/4/16 18:48,1,33,1/4/16 19:07

1,42,1/4/16 18:48,1,38,1/4/16 18:56

1,37,1/4/16 18:48,1,25,1/4/16 19:08

1,16,1/4/16 18:48,1,34,1/4/16 19:27

1,37,1/4/16 18:48,1,35,1/4/16 18:54

1,37,1/4/16 18:48,1,19,1/4/16 19:28

1,33,1/4/16 18:49,1,27,1/4/16 18:55

31,9,1/4/16 18:49,1,16,1/4/16 19:31

1,42,1/4/16 18:49,1,38,1/4/16 18:56

1,40,1/4/16 18:49,1,27,1/4/16 19:16

1,29,1/4/16 18:49,1,36,1/4/16 19:01

32,5,1/4/16 18:50,1,14,1/4/16 19:34

1,28,1/4/16 18:50,1,40,1/4/16 19:34

1,37,1/4/16 18:50,1,41,1/4/16 19:00

1,29,1/4/16 18:50,1,36,1/4/16 19:00

1,28,1/4/16 18:50,1,40,1/4/16 19:36

63,3,1/4/16 18:51,1,19,1/4/16 19:08

1,35,1/4/16 18:52,1,29,1/4/16 19:03

54,7,1/4/16 18:52,1,8,1/4/16 21:12

63,19,1/4/16 18:52,1,13,1/4/16 19:11

31,5,1/4/16 18:52,1,62,1/4/16 19:16

1,19,1/4/16 18:52,1,15,1/4/16 19:07

1,26,1/4/16 18:53,1,40,1/4/16 19:27

1,33,1/4/16 18:53,1,23,1/4/16 19:12

32,2,1/4/16 18:53,1,20,1/4/16 20:02

1,35,1/4/16 18:54,1,41,1/4/16 18:57

1,9,1/4/16 18:54,1,7,1/4/16 18:58

1,14,1/4/16 18:54,1,18,1/4/16 19:04

6,21,1/4/16 18:54,1,26,1/4/16 19:30

1,35,1/4/16 18:54,1,41,1/4/16 18:57

1,24,1/4/16 18:55,1,40,1/4/16 19:45

1,24,1/4/16 18:55,1,40,1/4/16 19:35

1,18,1/4/16 18:55,1,24,1/4/16 19:11

25,7,1/4/16 18:56,1,24,1/4/16 19:21

69,7,1/4/16 18:56,1,61,1/4/16 22:18

23,3,1/4/16 18:56,1,16,1/4/16 19:50

1,26,1/4/16 18:57,1,40,1/4/16 19:36

1,35,1/4/16 18:57,1,33,1/4/16 19:06

19,7,1/4/16 18:57,1,19,1/4/16 20:13

1,46,1/4/16 18:57,1,34,1/4/16 19:10

1,20,1/4/16 18:57,1,24,1/4/16 19:05

1,62,1/4/16 18:57,1,24,1/4/16 19:43

1,15,1/4/16 18:58,1,7,1/4/16 19:12

1,40,1/4/16 18:58,1,29,1/4/16 19:21

1,35,1/4/16 18:58,1,41,1/4/16 19:00

35,5,1/4/16 18:59,1,27,1/4/16 19:58

1,37,1/4/16 18:59,1,35,1/4/16 19:07

1,35,1/4/16 18:59,1,41,1/4/16 19:01

1,29,1/4/16 18:59,1,38,1/4/16 19:15

1,37,1/4/16 18:59,1,35,1/4/16 19:05

1,35,1/4/16 18:59,1,41,1/4/16 19:01

1,40,1/4/16 18:59,1,33,1/4/16 19:13

1,36,1/4/16 18:59,1,40,1/4/16 19:18

1,35,1/4/16 18:59,1,33,1/4/16 19:04

25,11,1/4/16 18:59,1,24,1/4/16 19:25

1,40,1/4/16 18:59,1,23,1/4/16 19:33

1,40,1/4/16 19:00,1,35,1/4/16 19:12

32,15,1/4/16 19:00,1,62,1/4/16 19:06

1,38,1/4/16 19:00,1,40,1/4/16 19:16

1,8,1/4/16 19:00,1,10,1/4/16 19:05

1,52,1/4/16 19:00,1,40,1/4/16 19:17

1,20,1/4/16 19:00,1,24,1/4/16 19:08

48,7,1/4/16 19:01,1,17,1/4/16 19:40

1,35,1/4/16 19:01,1,33,1/4/16 19:12

1,35,1/4/16 19:01,1,33,1/4/16 19:06

29,8,1/4/16 19:01,1,12,1/4/16 19:30

28,25,1/4/16 19:01,1,15,1/4/16 20:25

1,29,1/4/16 19:02,1,27,1/4/16 19:05

1,16,1/4/16 19:02,1,24,1/4/16 19:25

1,20,1/4/16 19:02,1,26,1/4/16 19:15

31,7,1/4/16 19:02,1,8,1/4/16 19:33

49,4,1/4/16 19:02,1,27,1/4/16 19:21

42,1,1/4/16 19:02,1,8,1/4/16 19:39

1,37,1/4/16 19:03,1,51,1/4/16 19:05

37,6,1/4/16 19:03,1,40,1/4/16 19:52

1,37,1/4/16 19:03,1,29,1/4/16 19:19

74,3,1/4/16 19:03,1,16,1/4/16 22:00

63,19,1/4/16 19:03,1,60,1/4/16 19:47

1,19,1/4/16 19:03,1,17,1/4/16 19:14

1,28,1/4/16 19:04,1,30,1/4/16 19:06

1,28,1/4/16 19:04,1,36,1/4/16 19:15

1,16,1/4/16 19:04,1,24,1/4/16 19:24

28,11,1/4/16 19:05,1,13,1/4/16 20:03

1,16,1/4/16 19:05,1,30,1/4/16 19:39

6,21,1/4/16 19:05,1,24,1/4/16 19:33

32,2,1/4/16 19:05,1,62,1/4/16 19:25

1,28,1/4/16 19:06,1,36,1/4/16 19:16

34,10,1/4/16 19:06,1,62,1/4/16 19:37

1,33,1/4/16 19:06,1,29,1/4/16 19:14

1,19,1/4/16 19:06,1,15,1/4/16 19:20

6,54,1/4/16 19:07,1,15,1/4/16 19:53

1,40,1/4/16 19:07,1,29,1/4/16 19:25

48,9,1/4/16 19:08,1,25,1/4/16 19:27

1,10,1/4/16 19:09,1,12,1/4/16 19:17

1,8,1/4/16 19:09,1,16,1/4/16 19:24

70,5,1/4/16 19:09,1,25,1/4/16 19:49

1,23,1/4/16 19:09,1,15,1/4/16 19:28

32,7,1/4/16 19:10,1,10,1/4/16 19:43

1,40,1/4/16 19:10,1,33,1/4/16 19:28

45,7,1/4/16 19:10,1,36,1/4/16 21:51

1,16,1/4/16 19:11,1,20,1/4/16 19:24

1,37,1/4/16 19:11,1,41,1/4/16 19:20

1,19,1/4/16 19:11,1,13,1/4/16 19:26

70,7,1/4/16 19:11,1,27,1/4/16 19:38

1,29,1/4/16 19:11,1,34,1/4/16 19:16

48,5,1/4/16 19:12,1,27,1/4/16 19:21

1,23,1/4/16 19:12,1,17,1/4/16 19:29

1,28,1/4/16 19:12,1,36,1/4/16 19:23

1,40,1/4/16 19:13,1,51,1/4/16 19:19

1,35,1/4/16 19:13,1,33,1/4/16 19:20

35,4,1/4/16 19:13,1,23,1/4/16 20:19

5,11,1/4/16 19:13,1,8,1/4/16 20:09

1,26,1/4/16 19:14,1,38,1/4/16 19:38

1,28,1/4/16 19:15,1,34,1/4/16 19:22

1,40,1/4/16 19:15,1,27,1/4/16 19:39

1,42,1/4/16 19:16,1,36,1/4/16 19:18

19,5,1/4/16 19:16,1,19,1/4/16 20:01

1,42,1/4/16 19:16,1,43,1/4/16 19:17

1,43,1/4/16 19:16,1,33,1/4/16 19:21

1,46,1/4/16 19:17,1,34,1/4/16 19:28

1,29,1/4/16 19:17,1,38,1/4/16 19:32

49,15,1/4/16 19:17,1,17,1/4/16 20:15

1,24,1/4/16 19:17,1,40,1/4/16 19:55

1,24,1/4/16 19:18,1,30,1/4/16 19:33

63,3,1/4/16 19:18,1,19,1/4/16 19:32

1,29,1/4/16 19:18,1,36,1/4/16 19:26

1,15,1/4/16 19:18,1,5,1/4/16 19:36

1,29,1/4/16 19:19,1,40,1/4/16 19:42

1,42,1/4/16 19:19,1,43,1/4/16 19:20

31,6,1/4/16 19:19,1,16,1/4/16 20:06

1,42,1/4/16 19:19,1,38,1/4/16 19:26

49,7,1/4/16 19:19,1,27,1/4/16 19:49

29,8,1/4/16 19:20,1,6,1/4/16 19:30

1,29,1/4/16 19:21,1,40,1/4/16 19:45

17,7,1/4/16 19:21,1,61,1/4/16 19:48

1,28,1/4/16 19:21,1,36,1/4/16 19:33

1,29,1/4/16 19:22,1,36,1/4/16 19:30

30,5,1/4/16 19:22,1,16,1/4/16 20:02

1,42,1/4/16 19:22,1,38,1/4/16 19:31

1,9,1/4/16 19:23,1,5,1/4/16 19:31

1,23,1/4/16 19:23,1,15,1/4/16 19:42

1,16,1/4/16 19:23,1,30,1/4/16 19:56

1,35,1/4/16 19:24,1,27,1/4/16 19:34

70,5,1/4/16 19:24,1,25,1/4/16 20:00

1,60,1/4/16 19:24,1,14,1/4/16 19:51

32,2,1/4/16 19:25,1,60,1/4/16 19:47

34,10,1/4/16 19:25,1,24,1/4/16 20:33

55,7,1/4/16 19:25,1,24,1/4/16 20:36

1,20,1/4/16 19:25,1,30,1/4/16 19:47

1,19,1/4/16 19:25,1,15,1/4/16 19:37

1,11,1/4/16 19:25,1,60,1/4/16 19:54

1,15,1/4/16 19:25,1,61,1/4/16 19:54

63,19,1/4/16 19:25,1,17,1/4/16 19:33

1,23,1/4/16 19:26,1,15,1/4/16 20:35

1,26,1/4/16 19:26,1,36,1/4/16 19:44

1,35,1/4/16 19:26,1,33,1/4/16 19:32

1,26,1/4/16 19:26,1,43,1/4/16 19:40

63,3,1/4/16 19:26,1,19,1/4/16 19:44

1,37,1/4/16 19:26,1,33,1/4/16 19:38

1,35,1/4/16 19:26,1,41,1/4/16 19:28

1,35,1/4/16 19:26,1,29,1/4/16 19:35

1,14,1/4/16 19:26,1,20,1/4/16 19:48

32,2,1/4/16 19:27,1,60,1/4/16 19:46

48,9,1/4/16 19:27,1,27,1/4/16 19:42

1,19,1/4/16 19:27,1,15,1/4/16 19:41

1,33,1/4/16 19:27,1,27,1/4/16 19:35

1,35,1/4/16 19:27,1,29,1/4/16 19:37

48,10,1/4/16 19:27,1,27,1/4/16 19:44

75,2,1/4/16 19:28,1,15,1/4/16 20:13

1,35,1/4/16 19:28,1,41,1/4/16 19:30

1,29,1/4/16 19:29,1,15,1/4/16 20:07

1,20,1/4/16 19:29,1,24,1/4/16 19:37

1,46,1/4/16 19:30,1,36,1/4/16 19:44

1,19,1/4/16 19:30,1,13,1/4/16 19:45

1,16,1/4/16 19:30,1,20,1/4/16 19:43

1,46,1/4/16 19:30,1,36,1/4/16 19:43

1,25,1/4/16 19:30,1,19,1/4/16 19:47

1,37,1/4/16 19:30,1,51,1/4/16 19:32

1,17,1/4/16 19:30,1,15,1/4/16 19:44

1,35,1/4/16 19:30,1,29,1/4/16 19:38

1,28,1/4/16 19:30,1,40,1/4/16 19:55

1,6,1/4/16 19:30,1,14,1/4/16 19:51

32,2,1/4/16 19:31,1,16,1/4/16 20:19

6,11,1/4/16 19:31,1,38,1/4/16 20:52

1,29,1/4/16 19:31,1,40,1/4/16 19:54

1,29,1/4/16 19:31,1,36,1/4/16 19:42

1,29,1/4/16 19:31,1,36,1/4/16 19:38

1,37,1/4/16 19:31,1,51,1/4/16 19:34

1,20,1/4/16 19:31,1,36,1/4/16 20:01

27,13,1/4/16 19:31,1,60,1/4/16 20:52

1,33,1/4/16 19:31,1,40,1/4/16 19:50

1,8,1/4/16 19:32,1,10,1/4/16 19:39

17,7,1/4/16 19:32,1,6,1/4/16 19:59

1,40,1/4/16 19:32,1,35,1/4/16 19:44

1,11,1/4/16 19:32,1,60,1/4/16 20:00

1,40,1/4/16 19:32,1,37,1/4/16 19:36

1,40,1/4/16 19:32,1,35,1/4/16 19:42

32,6,1/4/16 19:32,1,62,1/4/16 19:42

1,28,1/4/16 19:33,1,36,1/4/16 19:43

1,24,1/4/16 19:33,1,28,1/4/16 19:45

1,19,1/4/16 19:33,1,15,1/4/16 19:46

1,7,1/4/16 19:34,1,60,1/4/16 19:49

1,25,1/4/16 19:34,1,23,1/4/16 19:41

1,16,1/4/16 19:34,1,20,1/4/16 19:49

1,35,1/4/16 19:34,1,27,1/4/16 19:45

1,19,1/4/16 19:34,1,17,1/4/16 19:43

1,37,1/4/16 19:34,1,51,1/4/16 19:37

1,33,1/4/16 19:34,1,38,1/4/16 19:44

1,37,1/4/16 19:34,1,29,1/4/16 19:49

1,37,1/4/16 19:34,1,33,1/4/16 19:46

1,24,1/4/16 19:35,1,26,1/4/16 19:42

1,40,1/4/16 19:35,1,27,1/4/16 19:54

23,7,1/4/16 19:35,1,62,1/4/16 20:16

1,40,1/4/16 19:35,1,19,1/4/16 20:16

19,7,1/4/16 19:35,1,7,1/4/16 20:55

31,7,1/4/16 19:36,1,40,1/4/16 21:10

1,18,1/4/16 19:36,1,36,1/4/16 20:13

20,3,1/4/16 19:36,1,24,1/4/16 21:06

1,37,1/4/16 19:36,1,29,1/4/16 19:52

6,54,1/4/16 19:36,1,38,1/4/16 20:52

1,16,1/4/16 19:36,1,20,1/4/16 19:49

25,21,1/4/16 19:36,1,19,1/4/16 20:10

1,52,1/4/16 19:37,1,40,1/4/16 19:48

1,18,1/4/16 19:37,1,28,1/4/16 20:08

1,37,1/4/16 19:37,1,51,1/4/16 19:40

34,1,1/4/16 19:37,1,8,1/4/16 20:17

1,26,1/4/16 19:37,1,36,1/4/16 19:56

1,25,1/4/16 19:37,1,61,1/4/16 20:32

30,9,1/4/16 19:38,1,60,1/4/16 19:46

1,29,1/4/16 19:38,1,25,1/4/16 19:48

30,4,1/4/16 19:39,1,34,1/4/16 20:52

32,15,1/4/16 19:40,1,16,1/4/16 20:26

1,35,1/4/16 19:40,1,27,1/4/16 19:50

1,37,1/4/16 19:40,1,29,1/4/16 19:56

34,3,1/4/16 19:40,1,16,1/4/16 20:29

49,4,1/4/16 19:41,1,27,1/4/16 20:04

1,28,1/4/16 19:41,1,36,1/4/16 19:52

34,9,1/4/16 19:41,1,38,1/4/16 22:06

32,15,1/4/16 19:41,1,18,1/4/16 20:25

1,60,1/4/16 19:41,1,12,1/4/16 20:09

1,33,1/4/16 19:42,1,38,1/4/16 19:54

1,37,1/4/16 19:42,1,7,1/4/16 20:50

32,15,1/4/16 19:42,1,16,1/4/16 20:20

1,42,1/4/16 19:42,1,36,1/4/16 19:45

1,40,1/4/16 19:43,1,37,1/4/16 19:52

1,26,1/4/16 19:43,1,34,1/4/16 19:58

40,4,1/4/16 19:43,1,15,1/4/16 20:36

1,35,1/4/16 19:43,1,33,1/4/16 19:50

1,23,1/4/16 19:44,1,19,1/4/16 19:50

1,29,1/4/16 19:44,1,40,1/4/16 20:06

1,23,1/4/16 19:44,1,19,1/4/16 19:51

1,19,1/4/16 19:44,1,13,1/4/16 20:01

1,37,1/4/16 19:45,1,29,1/4/16 19:59

30,7,1/4/16 19:45,1,14,1/4/16 20:17

1,52,1/4/16 19:45,1,40,1/4/16 19:56

63,17,1/4/16 19:45,1,19,1/4/16 20:15

1,40,1/4/16 19:46,1,41,1/4/16 19:57

1,9,1/4/16 19:46,1,7,1/4/16 19:59

1,37,1/4/16 19:46,1,29,1/4/16 20:03

1,20,1/4/16 19:46,1,26,1/4/16 20:01

1,52,1/4/16 19:47,1,40,1/4/16 19:56

1,60,1/4/16 19:47,1,12,1/4/16 20:19

1,37,1/4/16 19:47,1,29,1/4/16 20:02

1,19,1/4/16 19:48,1,15,1/4/16 20:02

1,25,1/4/16 19:48,1,23,1/4/16 19:54

22,1,1/4/16 19:48,1,26,1/4/16 21:00

1,33,1/4/16 19:49,1,36,1/4/16 19:53

1,42,1/4/16 19:49,1,36,1/4/16 19:51

1,29,1/4/16 19:49,1,25,1/4/16 20:00

1,20,1/4/16 19:49,1,24,1/4/16 19:58

27,5,1/4/16 19:49,1,27,1/4/16 20:00

63,19,1/4/16 19:49,1,24,1/4/16 20:00

1,40,1/4/16 19:49,1,15,1/4/16 20:34

1,35,1/4/16 19:50,1,29,1/4/16 19:59

1,60,1/4/16 19:50,1,14,1/4/16 20:18

48,5,1/4/16 19:50,1,27,1/4/16 19:59

1,42,1/4/16 19:50,1,38,1/4/16 19:58

1,60,1/4/16 19:51,1,12,1/4/16 20:16

31,2,1/4/16 19:51,1,24,1/4/16 21:02

30,9,1/4/16 19:52,1,62,1/4/16 19:59

1,35,1/4/16 19:53,1,33,1/4/16 19:59

32,2,1/4/16 19:53,1,8,1/4/16 20:31

1,18,1/4/16 19:55,1,20,1/4/16 20:03

1,37,1/4/16 19:55,1,33,1/4/16 20:05

17,5,1/4/16 19:55,1,60,1/4/16 20:25

1,20,1/4/16 19:55,1,24,1/4/16 20:04

1,40,1/4/16 19:55,1,35,1/4/16 20:06

75,1,1/4/16 19:56,1,60,1/4/16 21:01

1,28,1/4/16 19:56,1,36,1/4/16 20:07

8,11,1/4/16 19:56,1,60,1/4/16 21:24

32,6,1/4/16 19:57,1,62,1/4/16 20:05

1,28,1/4/16 19:57,1,36,1/4/16 20:08

1,36,1/4/16 19:57,1,40,1/4/16 20:11

1,29,1/4/16 19:57,1,40,1/4/16 20:14

1,29,1/4/16 19:57,1,36,1/4/16 20:07

6,17,1/4/16 19:57,1,17,1/4/16 20:35

1,35,1/4/16 19:57,1,41,1/4/16 19:59

1,19,1/4/16 19:57,1,15,1/4/16 20:12

1,40,1/4/16 19:58,1,27,1/4/16 20:18

32,15,1/4/16 19:58,1,62,1/4/16 20:03

1,52,1/4/16 19:58,1,40,1/4/16 20:09

1,36,1/4/16 19:58,1,38,1/4/16 20:05

32,2,1/4/16 19:58,1,62,1/4/16 20:28

1,16,1/4/16 19:58,1,20,1/4/16 20:12

32,7,1/4/16 19:59,1,8,1/4/16 20:19

1,35,1/4/16 19:59,1,27,1/4/16 20:10

1,29,1/4/16 19:59,1,15,1/4/16 20:33

6,21,1/4/16 19:59,1,24,1/4/16 20:27

1,20,1/4/16 20:00,1,24,1/4/16 20:08

1,19,1/4/16 20:00,1,13,1/4/16 20:18

1,26,1/4/16 20:00,1,34,1/4/16 20:16

30,5,1/4/16 20:01,1,62,1/4/16 20:13

1,60,1/4/16 20:01,1,8,1/4/16 20:20

26,11,1/4/16 20:02,1,13,1/4/16 20:55

1,29,1/4/16 20:02,1,36,1/4/16 20:11

6,21,1/4/16 20:02,1,24,1/4/16 20:39

1,36,1/4/16 20:02,1,40,1/4/16 20:12

1,35,1/4/16 20:02,1,29,1/4/16 20:12

107,2,1/4/16 20:02,1,27,1/4/16 20:36

25,17,1/4/16 20:03,1,27,1/4/16 20:55

70,5,1/4/16 20:03,1,45,1/4/16 20:48

28,7,1/4/16 20:03,1,38,1/4/16 21:25

32,5,1/4/16 20:04,1,40,1/4/16 21:38

119,2,1/4/16 20:04,1,12,1/4/16 20:38

2,3,1/4/16 20:05,1,5,1/4/16 21:24

1,14,1/4/16 20:05,1,20,1/4/16 20:19

1,8,1/4/16 20:05,1,18,1/4/16 20:23

1,36,1/4/16 20:05,1,40,1/4/16 20:20

1,37,1/4/16 20:05,1,51,1/4/16 20:08

1,15,1/4/16 20:05,1,7,1/4/16 20:21

3,17,1/4/16 20:06,1,10,1/4/16 21:05

1,28,1/4/16 20:06,1,36,1/4/16 20:19

1,8,1/4/16 20:06,1,12,1/4/16 20:18

1,35,1/4/16 20:06,1,23,1/4/16 20:28

1,42,1/4/16 20:06,1,38,1/4/16 20:14

1,33,1/4/16 20:07,1,36,1/4/16 20:13

1,52,1/4/16 20:07,1,40,1/4/16 20:14

1,60,1/4/16 20:07,1,16,1/4/16 20:36

1,35,1/4/16 20:07,1,33,1/4/16 20:15

23,2,1/4/16 20:07,1,60,1/4/16 20:33

1,28,1/4/16 20:08,1,40,1/4/16 20:33

1,24,1/4/16 20:08,1,28,1/4/16 20:21

1,60,1/4/16 20:08,1,8,1/4/16 20:26

1,37,1/4/16 20:08,1,33,1/4/16 20:21

1,27,1/4/16 20:08,1,17,1/4/16 20:38

1,28,1/4/16 20:09,1,36,1/4/16 20:21

1,40,1/4/16 20:09,1,35,1/4/16 20:39

1,29,1/4/16 20:09,1,36,1/4/16 20:18

29,5,1/4/16 20:09,1,20,1/4/16 21:23

1,60,1/4/16 20:10,1,6,1/4/16 20:21

1,10,1/4/16 20:10,1,14,1/4/16 20:19

1,29,1/4/16 20:10,1,40,1/4/16 20:29

30,6,1/4/16 20:10,1,16,1/4/16 20:46

105,4,1/4/16 20:11,1,60,1/4/16 21:49

1,29,1/4/16 20:11,1,19,1/4/16 20:37

104,1,1/4/16 20:12,1,17,1/4/16 21:55

32,7,1/4/16 20:12,1,26,1/4/16 21:13

1,29,1/4/16 20:13,1,27,1/4/16 20:17

1,33,1/4/16 20:13,1,36,1/4/16 20:17

3,17,1/4/16 20:13,1,20,1/4/16 21:26

70,6,1/4/16 20:13,1,7,1/4/16 21:35

1,35,1/4/16 20:13,1,33,1/4/16 20:19

6,21,1/4/16 20:15,1,40,1/4/16 21:06

1,28,1/4/16 20:15,1,40,1/4/16 20:35

30,6,1/4/16 20:15,1,36,1/4/16 21:18

75,6,1/4/16 20:15,1,19,1/4/16 20:31

1,40,1/4/16 20:15,1,51,1/4/16 20:23

26,5,1/4/16 20:15,1,40,1/4/16 21:37

75,5,1/4/16 20:15,1,61,1/4/16 21:11

1,8,1/4/16 20:15,1,16,1/4/16 20:30

1,37,1/4/16 20:15,1,51,1/4/16 20:18

29,5,1/4/16 20:16,1,12,1/4/16 20:54

1,37,1/4/16 20:16,1,27,1/4/16 20:30

30,5,1/4/16 20:16,1,62,1/4/16 20:34

1,25,1/4/16 20:16,1,13,1/4/16 20:51

32,5,1/4/16 20:16,1,8,1/4/16 20:47

1,36,1/4/16 20:17,1,40,1/4/16 20:30

1,60,1/4/16 20:17,1,12,1/4/16 20:40

28,25,1/4/16 20:17,1,15,1/4/16 21:27

1,28,1/4/16 20:17,1,40,1/4/16 20:43

28,25,1/4/16 20:17,1,38,1/4/16 21:52

1,14,1/4/16 20:18,1,28,1/4/16 20:49

49,3,1/4/16 20:18,1,27,1/4/16 20:35

32,15,1/4/16 20:18,1,8,1/4/16 20:42

1,29,1/4/16 20:18,1,15,1/4/16 20:56

32,6,1/4/16 20:19,1,16,1/4/16 20:56

1,19,1/4/16 20:19,1,17,1/4/16 20:30

1,35,1/4/16 20:19,1,29,1/4/16 20:30

1,35,1/4/16 20:19,1,41,1/4/16 20:21

1,28,1/4/16 20:20,1,36,1/4/16 20:29

1,35,1/4/16 20:20,1,25,1/4/16 20:39

6,21,1/4/16 20:20,1,40,1/4/16 21:24

1,28,1/4/16 20:20,1,34,1/4/16 20:27

35,4,1/4/16 20:20,1,27,1/4/16 21:08

1,15,1/4/16 20:21,1,7,1/4/16 20:40

1,19,1/4/16 20:21,1,15,1/4/16 20:35

30,5,1/4/16 20:21,1,62,1/4/16 20:35

49,4,1/4/16 20:21,1,27,1/4/16 20:38

28,11,1/4/16 20:21,1,15,1/4/16 21:24

1,36,1/4/16 20:21,1,40,1/4/16 20:33

1,35,1/4/16 20:21,1,33,1/4/16 20:26

1,7,1/4/16 20:21,1,5,1/4/16 20:25

57,5,1/4/16 20:22,1,6,1/4/16 20:46

1,37,1/4/16 20:22,1,41,1/4/16 20:30

29,5,1/4/16 20:22,1,60,1/4/16 20:44

63,9,1/4/16 20:23,1,26,1/4/16 20:54

1,42,1/4/16 20:24,1,36,1/4/16 20:26

1,16,1/4/16 20:24,1,24,1/4/16 20:41

1,29,1/4/16 20:24,1,23,1/4/16 20:43

32,6,1/4/16 20:25,1,26,1/4/16 21:25

1,19,1/4/16 20:25,1,15,1/4/16 20:38

29,5,1/4/16 20:25,1,12,1/4/16 21:09

1,19,1/4/16 20:25,1,15,1/4/16 20:38

1,37,1/4/16 20:25,1,15,1/4/16 21:05

1,60,1/4/16 20:25,1,16,1/4/16 20:53

1,15,1/4/16 20:25,1,60,1/4/16 20:55

1,18,1/4/16 20:26,1,20,1/4/16 20:37

1,40,1/4/16 20:26,1,51,1/4/16 20:34

1,26,1/4/16 20:26,1,30,1/4/16 20:34

1,16,1/4/16 20:26,1,20,1/4/16 20:38

1,8,1/4/16 20:26,1,18,1/4/16 20:50

1,14,1/4/16 20:26,1,16,1/4/16 20:31

36,5,1/4/16 20:27,1,27,1/4/16 21:38

8,9,1/4/16 20:27,1,24,1/4/16 22:12

3,27,1/4/16 20:27,1,16,1/4/16 21:52

1,36,1/4/16 20:27,1,40,1/4/16 20:37

1,18,1/4/16 20:27,1,38,1/4/16 21:09

63,9,1/4/16 20:27,1,19,1/4/16 20:54

1,60,1/4/16 20:27,1,8,1/4/16 20:43

1,35,1/4/16 20:27,1,33,1/4/16 20:32

1,37,1/4/16 20:28,1,25,1/4/16 20:50

1,35,1/4/16 20:28,1,33,1/4/16 20:33

55,7,1/4/16 20:28,1,15,1/4/16 21:37

32,15,1/4/16 20:28,1,8,1/4/16 20:49

1,29,1/4/16 20:29,1,36,1/4/16 20:41

34,3,1/4/16 20:29,1,16,1/4/16 21:14

75,6,1/4/16 20:29,1,7,1/4/16 21:11

37,6,1/4/16 20:29,1,26,1/4/16 20:48

1,40,1/4/16 20:29,1,29,1/4/16 20:50

1,29,1/4/16 20:29,1,36,1/4/16 20:38

23,4,1/4/16 20:29,1,40,1/4/16 22:28

1,33,1/4/16 20:30,1,36,1/4/16 20:36

52,21,1/4/16 20:30,1,16,1/4/16 21:40

1,60,1/4/16 20:30,1,8,1/4/16 20:46

1,37,1/4/16 20:31,1,29,1/4/16 20:46

1,24,1/4/16 20:32,1,38,1/4/16 21:03

32,2,1/4/16 20:32,1,38,1/4/16 21:59

1,52,1/4/16 20:32,1,40,1/4/16 20:43

1,29,1/4/16 20:32,1,25,1/4/16 20:42

1,9,1/4/16 20:33,1,60,1/4/16 20:54

1,20,1/4/16 20:33,1,26,1/4/16 20:48

1,27,1/4/16 20:34,1,17,1/4/16 20:59

1,35,1/4/16 20:35,1,29,1/4/16 20:42

1,52,1/4/16 20:36,1,40,1/4/16 20:44

1,43,1/4/16 20:36,1,45,1/4/16 20:49

1,37,1/4/16 20:37,1,51,1/4/16 20:39

1,6,1/4/16 20:37,1,14,1/4/16 20:51

1,36,1/4/16 20:37,1,40,1/4/16 20:47

1,29,1/4/16 20:37,1,36,1/4/16 20:45

1,40,1/4/16 20:37,1,35,1/4/16 20:49

37,6,1/4/16 20:37,1,15,1/4/16 20:55

1,11,1/4/16 20:38,1,9,1/4/16 20:44

1,29,1/4/16 20:38,1,15,1/4/16 21:10

1,16,1/4/16 20:38,1,20,1/4/16 20:50

32,5,1/4/16 20:38,1,16,1/4/16 21:29

63,11,1/4/16 20:39,1,17,1/4/16 21:13

1,37,1/4/16 20:39,1,51,1/4/16 20:41

1,60,1/4/16 20:39,1,16,1/4/16 21:07

1,23,1/4/16 20:39,1,19,1/4/16 20:49

1,10,1/4/16 20:40,1,16,1/4/16 20:52

1,26,1/4/16 20:40,1,43,1/4/16 20:58

1,28,1/4/16 20:40,1,30,1/4/16 20:43

1,62,1/4/16 20:41,1,6,1/4/16 20:52

1,23,1/4/16 20:41,1,13,1/4/16 21:07

34,3,1/4/16 20:42,1,62,1/4/16 21:08

1,16,1/4/16 20:42,1,20,1/4/16 20:54

1,28,1/4/16 20:42,1,40,1/4/16 21:05

32,5,1/4/16 20:43,1,38,1/4/16 22:16

1,62,1/4/16 20:43,1,12,1/4/16 21:07

45,7,1/4/16 20:43,1,18,1/4/16 22:02

1,46,1/4/16 20:43,1,28,1/4/16 20:47

59,13,1/4/16 20:44,1,6,1/4/16 21:43

27,13,1/4/16 20:44,1,27,1/4/16 20:58

1,23,1/4/16 20:45,1,19,1/4/16 20:52

1,28,1/4/16 20:45,1,34,1/4/16 20:52

1,16,1/4/16 20:46,1,36,1/4/16 21:23

1,40,1/4/16 20:46,1,35,1/4/16 20:56

1,6,1/4/16 20:46,1,8,1/4/16 20:57

63,19,1/4/16 20:47,1,26,1/4/16 21:02

1,6,1/4/16 20:47,1,16,1/4/16 21:04

1,33,1/4/16 20:47,1,38,1/4/16 21:00

3,27,1/4/16 20:47,1,40,1/4/16 23:46

1,8,1/4/16 20:48,1,10,1/4/16 20:55

31,7,1/4/16 20:48,1,14,1/4/16 21:29

1,33,1/4/16 20:48,1,38,1/4/16 21:01

63,19,1/4/16 20:49,1,36,1/4/16 21:23

1,37,1/4/16 20:49,1,29,1/4/16 21:04

49,15,1/4/16 20:49,1,27,1/4/16 21:23

1,28,1/4/16 20:50,1,40,1/4/16 21:11

1,52,1/4/16 20:50,1,40,1/4/16 20:59

1,52,1/4/16 20:50,1,40,1/4/16 20:56

1,29,1/4/16 20:50,1,36,1/4/16 20:58

63,19,1/4/16 20:50,1,15,1/4/16 21:02

1,16,1/4/16 20:50,1,20,1/4/16 21:05

1,16,1/4/16 20:51,1,30,1/4/16 21:26

1,23,1/4/16 20:51,1,19,1/4/16 21:00

1,35,1/4/16 20:51,1,17,1/4/16 21:28

1,52,1/4/16 20:51,1,40,1/4/16 20:59

49,6,1/4/16 20:52,1,27,1/4/16 21:15

1,25,1/4/16 20:52,1,23,1/4/16 20:59

32,7,1/4/16 20:52,1,14,1/4/16 21:28

27,13,1/4/16 20:54,1,27,1/4/16 21:07

1,29,1/4/16 20:54,1,19,1/4/16 21:18

1,8,1/4/16 20:54,1,10,1/4/16 21:00

57,7,1/4/16 20:54,1,24,1/4/16 21:32

1,42,1/4/16 20:56,1,36,1/4/16 20:57

1,60,1/4/16 20:56,1,8,1/4/16 21:16

1,42,1/4/16 20:56,1,36,1/4/16 20:58

1,46,1/4/16 20:57,1,30,1/4/16 21:03

1,24,1/4/16 20:57,1,34,1/4/16 21:17

1,37,1/4/16 20:58,1,51,1/4/16 21:00

1,29,1/4/16 20:58,1,34,1/4/16 21:03

1,36,1/4/16 20:59,1,40,1/4/16 21:14

32,5,1/4/16 20:59,1,14,1/4/16 21:36

1,14,1/4/16 20:59,1,16,1/4/16 21:05

29,8,1/4/16 21:00,1,60,1/4/16 21:17

1,42,1/4/16 21:00,1,36,1/4/16 21:02

6,5,1/4/16 21:00,1,24,1/4/16 21:55

32,6,1/4/16 21:00,1,62,1/4/16 21:10

1,29,1/4/16 21:00,1,38,1/4/16 21:14

1,40,1/4/16 21:01,1,29,1/4/16 21:20

49,3,1/4/16 21:01,1,27,1/4/16 21:18

26,3,1/4/16 21:01,1,36,1/4/16 22:15

1,40,1/4/16 21:01,1,37,1/4/16 21:05

1,16,1/4/16 21:01,1,20,1/4/16 21:16

1,33,1/4/16 21:02,1,36,1/4/16 21:07

1,35,1/4/16 21:02,1,41,1/4/16 21:04

32,7,1/4/16 21:02,1,10,1/4/16 21:25

1,29,1/4/16 21:03,1,40,1/4/16 21:22

1,29,1/4/16 21:03,1,40,1/4/16 21:20

34,9,1/4/16 21:04,1,10,1/4/16 21:43

1,29,1/4/16 21:04,1,40,1/4/16 21:20

49,3,1/4/16 21:04,1,25,1/4/16 21:28

1,42,1/4/16 21:04,1,36,1/4/16 21:08

1,40,1/4/16 21:04,1,41,1/4/16 21:15

48,9,1/4/16 21:04,1,27,1/4/16 21:20

1,29,1/4/16 21:04,1,25,1/4/16 21:15

1,35,1/4/16 21:05,1,27,1/4/16 21:15

4,15,1/4/16 21:05,1,8,1/4/16 21:50

4,15,1/4/16 21:05,1,16,1/4/16 22:00

1,29,1/4/16 21:06,1,38,1/4/16 21:20

1,40,1/4/16 21:07,1,51,1/4/16 21:16

1,20,1/4/16 21:07,1,43,1/4/16 21:30

1,28,1/4/16 21:08,1,36,1/4/16 21:18

1,13,1/4/16 21:09,1,7,1/4/16 21:22

1,60,1/4/16 21:09,1,12,1/4/16 21:30

1,35,1/4/16 21:09,1,29,1/4/16 21:18

1,29,1/4/16 21:10,1,25,1/4/16 21:20

63,19,1/4/16 21:11,1,15,1/4/16 21:22

1,46,1/4/16 21:11,1,30,1/4/16 21:19

1,42,1/4/16 21:11,1,36,1/4/16 21:16

6,21,1/4/16 21:12,1,26,1/4/16 21:45

29,5,1/4/16 21:12,1,20,1/4/16 22:15

1,29,1/4/16 21:12,1,36,1/4/16 21:20

1,33,1/4/16 21:13,1,36,1/4/16 21:18

2,3,1/4/16 21:13,1,25,1/4/16 22:00

49,15,1/4/16 21:13,1,17,1/4/16 22:15

1,62,1/4/16 21:14,1,16,1/4/16 21:38

1,29,1/4/16 21:14,1,36,1/4/16 21:24

8,7,1/4/16 21:14,1,16,1/4/16 22:43

1,17,1/4/16 21:14,1,5,1/4/16 21:38

1,42,1/4/16 21:14,1,36,1/4/16 21:16

1,16,1/4/16 21:14,1,20,1/4/16 21:24

30,6,1/4/16 21:15,1,38,1/4/16 22:23

1,37,1/4/16 21:15,1,29,1/4/16 21:27

4,7,1/4/16 21:15,1,14,1/4/16 22:01

31,6,1/4/16 21:15,1,60,1/4/16 21:35

1,29,1/4/16 21:17,1,40,1/4/16 21:33

108,1,1/4/16 21:17,1,8,1/4/16 23:05

34,1,1/4/16 21:17,1,60,1/4/16 21:34

1,29,1/4/16 21:17,1,36,1/4/16 21:29

107,2,1/4/16 21:18,1,27,1/4/16 21:47

1,28,1/4/16 21:18,1,34,1/4/16 21:26

1,19,1/4/16 21:18,1,13,1/4/16 21:35

6,11,1/4/16 21:18,1,15,1/4/16 22:11

1,16,1/4/16 21:18,1,20,1/4/16 21:31

31,6,1/4/16 21:19,1,8,1/4/16 21:50

1,16,1/4/16 21:19,1,24,1/4/16 21:37

1,20,1/4/16 21:19,1,30,1/4/16 21:39

29,8,1/4/16 21:20,1,20,1/4/16 21:54

49,7,1/4/16 21:21,1,27,1/4/16 21:54

1,23,1/4/16 21:21,1,15,1/4/16 21:38

1,40,1/4/16 21:21,1,15,1/4/16 22:09

1,29,1/4/16 21:21,1,34,1/4/16 21:27

88,3,1/4/16 21:22,1,14,1/4/16 22:06

1,29,1/4/16 21:22,1,27,1/4/16 21:25

1,16,1/4/16 21:22,1,20,1/4/16 21:37

1,37,1/4/16 21:23,1,35,1/4/16 21:30

1,37,1/4/16 21:23,1,35,1/4/16 21:32

1,40,1/4/16 21:23,1,51,1/4/16 21:30

1,60,1/4/16 21:23,1,16,1/4/16 21:49

1,29,1/4/16 21:24,1,40,1/4/16 21:41

1,35,1/4/16 21:24,1,33,1/4/16 21:29

1,37,1/4/16 21:24,1,35,1/4/16 21:31

30,6,1/4/16 21:25,1,62,1/4/16 21:34

19,7,1/4/16 21:25,1,19,1/4/16 22:21

49,4,1/4/16 21:25,1,27,1/4/16 21:42

1,7,1/4/16 21:26,1,60,1/4/16 21:40

32,7,1/4/16 21:27,1,60,1/4/16 21:39

1,35,1/4/16 21:27,1,33,1/4/16 21:33

63,11,1/4/16 21:27,1,30,1/4/16 22:08

1,35,1/4/16 21:28,1,15,1/4/16 22:12

1,42,1/4/16 21:28,1,43,1/4/16 21:31

1,40,1/4/16 21:28,1,29,1/4/16 21:46

1,33,1/4/16 21:28,1,27,1/4/16 21:36

46,3,1/4/16 21:28,1,15,1/4/16 22:51

37,4,1/4/16 21:29,1,11,1/4/16 22:07

75,1,1/4/16 21:29,1,19,1/4/16 22:05

1,35,1/4/16 21:29,1,27,1/4/16 21:39

1,16,1/4/16 21:29,1,24,1/4/16 21:48

1,52,1/4/16 21:31,1,40,1/4/16 21:40

1,24,1/4/16 21:31,1,36,1/4/16 21:52

1,40,1/4/16 21:31,1,41,1/4/16 21:42

1,33,1/4/16 21:32,1,9,1/4/16 22:22

1,43,1/4/16 21:33,1,27,1/4/16 21:41

1,26,1/4/16 21:33,1,36,1/4/16 21:50

14,13,1/4/16 21:33,1,16,1/4/16 23:02

37,4,1/4/16 21:34,1,36,1/4/16 22:14

63,19,1/4/16 21:34,1,24,1/4/16 21:42

25,19,1/4/16 21:34,1,24,1/4/16 22:10

1,40,1/4/16 21:34,1,29,1/4/16 21:54

1,40,1/4/16 21:34,1,51,1/4/16 21:42

1,29,1/4/16 21:35,1,36,1/4/16 21:44

120,1,1/4/16 21:35,1,18,1/4/16 23:51

1,42,1/4/16 21:35,1,38,1/4/16 21:45

1,35,1/4/16 21:35,1,27,1/4/16 21:46

1,43,1/4/16 21:35,1,23,1/4/16 21:56

1,37,1/4/16 21:36,1,35,1/4/16 21:42

37,4,1/4/16 21:36,1,24,1/4/16 21:57

1,6,1/4/16 21:37,1,12,1/4/16 21:52

1,28,1/4/16 21:37,1,40,1/4/16 21:58

75,1,1/4/16 21:38,1,19,1/4/16 22:36

1,62,1/4/16 21:38,1,6,1/4/16 21:52

3,27,1/4/16 21:39,1,24,1/4/16 23:45

28,7,1/4/16 21:39,1,24,1/4/16 22:50

1,29,1/4/16 21:40,1,40,1/4/16 22:01

6,21,1/4/16 21:40,1,24,1/4/16 22:08

26,3,1/4/16 21:41,1,40,1/4/16 22:55

1,29,1/4/16 21:41,1,36,1/4/16 21:51

1,29,1/4/16 21:42,1,38,1/4/16 21:57

1,29,1/4/16 21:42,1,34,1/4/16 21:48

1,40,1/4/16 21:43,1,27,1/4/16 22:00

32,15,1/4/16 21:44,1,8,1/4/16 22:01

26,3,1/4/16 21:44,1,24,1/4/16 22:35

1,36,1/4/16 21:44,1,38,1/4/16 21:53

32,9,1/4/16 21:44,1,16,1/4/16 22:29

48,9,1/4/16 21:44,1,27,1/4/16 21:58

1,19,1/4/16 21:45,1,15,1/4/16 21:57

48,7,1/4/16 21:45,1,27,1/4/16 21:57

49,7,1/4/16 21:45,1,27,1/4/16 22:13

1,26,1/4/16 21:45,1,36,1/4/16 21:59

1,29,1/4/16 21:45,1,34,1/4/16 21:50

1,35,1/4/16 21:46,1,29,1/4/16 21:54

1,9,1/4/16 21:46,1,7,1/4/16 21:52

1,60,1/4/16 21:47,1,26,1/4/16 22:40

1,29,1/4/16 21:47,1,38,1/4/16 22:00

1,40,1/4/16 21:47,1,41,1/4/16 21:58

1,37,1/4/16 21:47,1,35,1/4/16 21:53

52,23,1/4/16 21:47,1,8,1/4/16 22:31

1,35,1/4/16 21:48,1,23,1/4/16 22:10

1,19,1/4/16 21:48,1,17,1/4/16 21:57

1,33,1/4/16 21:48,1,29,1/4/16 21:55

1,18,1/4/16 21:48,1,20,1/4/16 21:55

1,60,1/4/16 21:48,1,40,1/4/16 23:01

1,9,1/4/16 21:48,1,7,1/4/16 21:54

1,29,1/4/16 21:49,1,40,1/4/16 22:06

49,15,1/4/16 21:49,1,27,1/4/16 22:21

1,37,1/4/16 21:50,1,29,1/4/16 22:05

1,17,1/4/16 21:50,1,15,1/4/16 21:57

1,33,1/4/16 21:51,1,15,1/4/16 22:28

1,6,1/4/16 21:51,1,8,1/4/16 21:57

29,8,1/4/16 21:52,1,8,1/4/16 22:09

1,29,1/4/16 21:52,1,38,1/4/16 22:05

1,12,1/4/16 21:53,1,14,1/4/16 21:58

1,40,1/4/16 21:53,1,19,1/4/16 22:31

1,62,1/4/16 21:54,1,30,1/4/16 22:48

83,5,1/4/16 21:54,1,24,1/4/16 22:29

48,9,1/4/16 21:56,1,27,1/4/16 22:09

34,10,1/4/16 21:56,1,16,1/4/16 22:47

1,29,1/4/16 21:56,1,27,1/4/16 22:00

1,29,1/4/16 21:57,1,40,1/4/16 22:15

1,11,1/4/16 21:57,1,7,1/4/16 22:09

63,19,1/4/16 21:58,1,15,1/4/16 22:08

1,14,1/4/16 21:58,1,16,1/4/16 22:03

1,37,1/4/16 21:58,1,33,1/4/16 22:08

63,9,1/4/16 21:58,1,24,1/4/16 22:25

1,35,1/4/16 21:59,1,41,1/4/16 22:01

1,13,1/4/16 21:59,1,60,1/4/16 22:23

1,23,1/4/16 22:01,1,17,1/4/16 22:15

1,14,1/4/16 22:01,1,24,1/4/16 22:22

29,8,1/4/16 22:01,1,12,1/4/16 22:28

1,40,1/4/16 22:01,1,37,1/4/16 22:06

30,5,1/4/16 22:02,1,16,1/4/16 22:35

1,16,1/4/16 22:02,1,20,1/4/16 22:15

1,52,1/4/16 22:02,1,40,1/4/16 22:08

1,36,1/4/16 22:02,1,40,1/4/16 22:13

63,19,1/4/16 22:02,1,24,1/4/16 22:12

49,3,1/4/16 22:03,1,25,1/4/16 22:29

6,5,1/4/16 22:03,1,24,1/4/16 22:56

1,16,1/4/16 22:03,1,20,1/4/16 22:14

63,19,1/4/16 22:03,1,15,1/4/16 22:13

1,29,1/4/16 22:03,1,36,1/4/16 22:11

6,55,1/4/16 22:04,1,15,1/4/16 22:43

49,3,1/4/16 22:05,1,19,1/4/16 23:01

1,29,1/4/16 22:05,1,40,1/4/16 22:22

1,29,1/4/16 22:05,1,34,1/4/16 22:10

1,28,1/4/16 22:06,1,36,1/4/16 22:15

1,40,1/4/16 22:06,1,23,1/4/16 22:38

27,3,1/4/16 22:07,1,27,1/4/16 22:21

5,11,1/4/16 22:07,1,14,1/4/16 23:09

1,29,1/4/16 22:07,1,36,1/4/16 22:18

1,62,1/4/16 22:08,1,36,1/4/16 23:14

1,29,1/4/16 22:09,1,36,1/4/16 22:17

1,36,1/4/16 22:09,1,38,1/4/16 22:15

1,10,1/4/16 22:10,1,18,1/4/16 22:33

29,5,1/4/16 22:10,1,14,1/4/16 22:51

26,5,1/4/16 22:11,1,15,1/4/16 23:17

19,7,1/4/16 22:12,1,19,1/4/16 23:02

1,29,1/4/16 22:12,1,17,1/4/16 22:39

1,19,1/4/16 22:13,1,7,1/4/16 22:41

1,52,1/4/16 22:13,1,40,1/4/16 22:20

29,2,1/4/16 22:13,1,28,1/4/16 23:41

32,5,1/4/16 22:13,1,20,1/4/16 23:05

1,16,1/4/16 22:13,1,20,1/4/16 22:25

1,40,1/4/16 22:14,1,60,1/4/16 23:20

32,9,1/4/16 22:14,1,16,1/4/16 22:59

1,20,1/4/16 22:14,1,24,1/4/16 22:22

63,3,1/4/16 22:14,1,19,1/4/16 22:31

1,28,1/4/16 22:14,1,36,1/4/16 22:24

1,40,1/4/16 22:16,1,35,1/4/16 22:27

1,35,1/4/16 22:16,1,25,1/4/16 22:31

48,9,1/4/16 22:16,1,27,1/4/16 22:28

1,28,1/4/16 22:16,1,38,1/4/16 22:31

23,3,1/4/16 22:16,1,10,1/4/16 22:58

1,40,1/4/16 22:16,1,51,1/4/16 22:25

30,10,1/4/16 22:17,1,12,1/4/16 22:48

48,10,1/4/16 22:17,1,27,1/4/16 22:30

1,29,1/4/16 22:19,1,27,1/4/16 22:22

28,11,1/4/16 22:20,1,24,1/4/16 23:06

1,35,1/4/16 22:22,1,29,1/4/16 22:30

31,5,1/4/16 22:22,1,14,1/4/16 23:01

107,2,1/4/16 22:22,1,27,1/4/16 22:48

1,15,1/4/16 22:25,1,61,1/4/16 23:00

86,5,1/4/16 22:25,1,24,1/4/16 23:53

1,33,1/4/16 22:26,1,27,1/4/16 22:38

1,12,1/4/16 22:27,1,40,1/4/16 23:34

27,13,1/4/16 22:27,1,19,1/4/16 22:58

1,9,1/4/16 22:28,1,60,1/4/16 22:53

34,12,1/4/16 22:28,1,8,1/4/16 23:22

34,1,1/4/16 22:28,1,62,1/4/16 22:50

1,40,1/4/16 22:28,1,51,1/4/16 22:38

1,14,1/4/16 22:29,1,20,1/4/16 22:48

49,4,1/4/16 22:29,1,27,1/4/16 22:51

1,24,1/4/16 22:30,1,26,1/4/16 22:36

30,6,1/4/16 22:30,1,6,1/4/16 22:46

1,40,1/4/16 22:30,1,37,1/4/16 22:36

1,35,1/4/16 22:31,1,27,1/4/16 22:41

1,62,1/4/16 22:31,1,30,1/4/16 23:32

1,26,1/4/16 22:31,1,30,1/4/16 22:41

1,37,1/4/16 22:31,1,29,1/4/16 22:44

1,52,1/4/16 22:31,1,40,1/4/16 22:40

1,35,1/4/16 22:32,1,29,1/4/16 22:41

1,29,1/4/16 22:32,1,17,1/4/16 23:01

34,10,1/4/16 22:33,1,6,1/4/16 23:15

32,6,1/4/16 22:34,1,60,1/4/16 22:49

49,4,1/4/16 22:34,1,27,1/4/16 22:56

1,16,1/4/16 22:34,1,20,1/4/16 22:45

1,40,1/4/16 22:34,1,33,1/4/16 22:49

1,35,1/4/16 22:35,1,27,1/4/16 22:44

1,33,1/4/16 22:35,1,36,1/4/16 22:39

1,60,1/4/16 22:35,1,12,1/4/16 22:59

1,28,1/4/16 22:36,1,36,1/4/16 22:48

1,16,1/4/16 22:36,1,18,1/4/16 22:41

1,52,1/4/16 22:36,1,40,1/4/16 22:47

1,29,1/4/16 22:37,1,36,1/4/16 22:45

1,20,1/4/16 22:37,1,24,1/4/16 22:47

1,15,1/4/16 22:37,1,5,1/4/16 22:58

1,19,1/4/16 22:38,1,7,1/4/16 23:01

29,5,1/4/16 22:38,1,16,1/4/16 23:28

1,23,1/4/16 22:38,1,15,1/4/16 22:57

1,6,1/4/16 22:38,1,28,1/4/16 23:37

1,15,1/4/16 22:39,1,60,1/4/16 23:06

1,16,1/4/16 22:39,1,20,1/4/16 22:50

63,11,1/4/16 22:40,1,19,1/4/16 23:06

26,4,1/4/16 22:40,1,26,1/4/16 23:40

1,33,1/4/16 22:41,1,40,1/4/16 22:53

1,20,1/4/16 22:41,1,36,1/4/16 23:15

25,17,1/4/16 22:42,1,60,1/4/16 23:24

49,3,1/4/16 22:42,1,27,1/4/16 23:02

1,42,1/4/16 22:43,1,36,1/4/16 22:46

63,19,1/4/16 22:43,1,20,1/4/16 22:46

1,24,1/4/16 22:43,1,30,1/4/16 22:59

1,16,1/4/16 22:43,1,20,1/4/16 22:57

1,40,1/4/16 22:44,1,27,1/4/16 23:05

1,38,1/4/16 22:46,1,40,1/4/16 22:53

17,7,1/4/16 22:46,1,61,1/4/16 23:09

1,29,1/4/16 22:47,1,36,1/4/16 22:56

1,13,1/4/16 22:48,1,11,1/4/16 22:53

1,40,1/4/16 22:49,1,33,1/4/16 23:03

1,29,1/4/16 22:50,1,36,1/4/16 22:58

32,5,1/4/16 22:50,1,14,1/4/16 23:21

1,37,1/4/16 22:50,1,27,1/4/16 23:05

1,35,1/4/16 22:51,1,41,1/4/16 22:54

1,29,1/4/16 22:51,1,27,1/4/16 22:54

6,21,1/4/16 22:52,1,28,1/4/16 23:40

1,35,1/4/16 22:52,1,29,1/4/16 23:01

1,16,1/4/16 22:52,1,20,1/4/16 23:10

1,16,1/4/16 22:52,1,30,1/4/16 23:32

27,3,1/4/16 22:54,1,15,1/4/16 23:37

1,29,1/4/16 22:55,1,36,1/4/16 23:02

1,28,1/4/16 22:56,1,40,1/4/16 23:18

1,40,1/4/16 22:59,1,35,1/4/16 23:13

1,29,1/4/16 22:59,1,27,1/4/16 23:02

1,42,1/4/16 22:59,1,36,1/4/16 23:02

1,29,1/4/16 22:59,1,40,1/4/16 23:15

1,25,1/4/16 23:00,1,60,1/4/16 23:51

23,4,1/4/16 23:00,1,6,1/4/16 23:50

1,60,1/4/16 23:01,1,8,1/4/16 23:15

1,28,1/4/16 23:02,1,36,1/4/16 23:11

1,14,1/4/16 23:02,1,20,1/4/16 23:20

1,40,1/4/16 23:02,1,51,1/4/16 23:10

1,19,1/4/16 23:03,1,5,1/4/16 23:43

63,19,1/4/16 23:03,1,24,1/4/16 23:12

1,25,1/4/16 23:03,1,19,1/4/16 23:18

1,35,1/4/16 23:03,1,33,1/4/16 23:08

1,16,1/4/16 23:04,1,20,1/4/16 23:22

46,7,1/4/16 23:04,1,6,1/4/16 23:59

1,36,1/4/16 23:04,1,40,1/4/16 23:14

1,35,1/4/16 23:06,1,29,1/4/16 23:17

1,35,1/4/16 23:06,1,33,1/4/16 23:13

63,3,1/4/16 23:07,1,19,1/4/16 23:22

63,19,1/4/16 23:07,1,38,1/4/16 23:38

1,60,1/4/16 23:07,1,26,1/4/16 23:54

1,42,1/4/16 23:07,1,36,1/4/16 23:09

1,14,1/4/16 23:08,1,26,1/4/16 23:37

1,23,1/4/16 23:09,1,5,1/4/16 23:40

1,5,1/4/16 23:09,1,60,1/4/16 23:20

63,3,1/4/16 23:09,1,19,1/4/16 23:25

1,37,1/4/16 23:10,1,27,1/4/16 23:27

1,29,1/4/16 23:10,1,27,1/4/16 23:13

1,37,1/4/16 23:11,1,27,1/4/16 23:30

63,11,1/4/16 23:11,1,19,1/4/16 23:41

119,3,1/4/16 23:12,1,6,1/4/16 23:37

1,20,1/4/16 23:12,1,24,1/4/16 23:19

1,40,1/4/16 23:12,1,51,1/4/16 23:21

1,28,1/4/16 23:13,1,40,1/4/16 23:35

49,4,1/4/16 23:14,1,25,1/4/16 23:36

1,8,1/4/16 23:14,1,20,1/4/16 23:41

1,29,1/4/16 23:16,1,36,1/4/16 23:25

1,16,1/4/16 23:17,1,24,1/4/16 23:35

63,19,1/4/16 23:17,1,28,1/4/16 23:44

1,29,1/4/16 23:18,1,34,1/4/16 23:23

1,15,1/4/16 23:19,1,61,1/4/16 23:47

1,20,1/4/16 23:21,1,38,1/4/16 23:54

1,52,1/4/16 23:24,1,40,1/4/16 23:33

1,29,1/4/16 23:24,1,15,1/4/16 23:56

1,18,1/4/16 23:25,1,20,1/4/16 23:37

1,14,1/4/16 23:26,1,20,1/4/16 23:52

1,6,1/4/16 23:27,1,14,1/4/16 23:54

1,8,1/4/16 23:28,1,10,1/4/16 23:36

1,29,1/4/16 23:28,1,38,1/4/16 23:40

1,16,1/4/16 23:28,1,20,1/4/16 23:39

1,29,1/4/16 23:29,1,38,1/4/16 23:42

1,29,1/4/16 23:29,1,36,1/4/16 23:37

1,14,1/4/16 23:29,1,16,1/4/16 23:34

1,29,1/4/16 23:30,1,36,1/4/16 23:37

1,37,1/4/16 23:31,1,29,1/4/16 23:47

31,7,1/4/16 23:32,1,60,1/4/16 23:49

1,23,1/4/16 23:32,1,15,1/4/16 23:49

63,19,1/4/16 23:33,1,17,1/4/16 23:40

1,7,1/4/16 23:34,1,60,1/4/16 23:50

1,33,1/4/16 23:34,1,40,1/4/16 23:52

1,8,1/4/16 23:34,1,16,1/4/16 23:48

1,37,1/4/16 23:34,1,29,1/4/16 23:47

1,20,1/4/16 23:36,1,26,1/4/16 23:49

1,29,1/4/16 23:36,1,38,1/4/16 23:49

1,6,1/4/16 23:37,1,8,1/4/16 23:41

1,33,1/4/16 23:38,1,29,1/4/16 23:44

1,38,1/4/16 23:38,1,40,1/4/16 23:41

1,28,1/4/16 23:38,1,30,1/4/16 23:42

1,24,1/4/16 23:41,1,26,1/4/16 23:48

1,29,1/4/16 23:41,1,36,1/4/16 23:54

1,29,1/4/16 23:42,1,40,1/4/16 23:58

1,33,1/4/16 23:42,1,36,1/4/16 23:49

1,29,1/4/16 23:45,1,38,1/4/16 23:59

1,36,1/4/16 23:46,1,38,1/4/16 23:52

32,15,1/4/16 23:49,1,62,1/4/16 23:54

1,23,1/4/16 23:50,1,19,1/4/16 23:58

1,29,1/4/16 23:51,1,36,1/4/16 23:58

1,35,1/4/16 23:51,1,33,1/4/16 23:56

1,38,1/4/16 23:51,1,40,1/4/16 23:56

1,29,1/4/16 23:54,1,27,1/4/16 23:58