col1,col2,col3,col4,Lon,Lat,col7,col8,col9,col10,col11
1,广深高速,2,广氮,113.3998,23.1562,,,,,
1,广深高速,3,火村北,113.5249257088,23.1476209071,,,,,
1,广深高速,4,火村南,113.516600132,23.1474433349,,,,,
1,广深高速,5,萝岗北,113.516600132,23.1474433349,,,,,
1,广深高速,6,萝岗南,113.5249257088,23.1476209071,,,,,
1,广深高速,7,新塘北,113.5650086403,23.1199760132,,,,,
1,广深高速,8,新塘南,113.5650086403,23.1199760132,,,,,
1,广深高速,9,麻涌北,113.59615,23.08033,,,,,
1,广深高速,10,麻涌南,113.59615,23.08033,,,,,
1,广深高速,11,望牛墩北,113.6457753181,23.0436023367,,,,,
1,广深高速,12,望牛墩南,113.6457753181,23.0436023367,,,,,
1,广深高速,13,道滘北,113.6782407761,23.0154620538,,,,,
1,广深高速,14,道滘南,113.6782407761,23.0154620538,,,,,
1,广深高速,15,东莞北,113.6992263794,22.9752063091,,,,,
1,广深高速,16,东莞南,113.6992263794,22.9752063091,,,,,
1,广深高速,17,厚街北,113.68343,22.92997,,,,,
1,广深高速,18,厚街南,113.6815,22.9285,,,,,
1,广深高速,19,太平北,113.6984324455,22.8277697001,,,,,
1,广深高速,20,太平南,113.702852726,22.8248822268,,,,,
1,广深高速,21,太平主线,113.702852726,22.8248822268,,,,,
1,广深高速,23,长安北,113.78397,22.8065,,,,,
1,广深高速,24,长安南,113.78758,22.8021,,,,,
1,广深高速,25,新桥北,113.84722,22.73598,,,,,
1,广深高速,26,新桥南,113.84667,22.73383,,,,,
1,广深高速,27,福永北,113.8329291344,22.6476604205,,,,,
1,广深高速,28,福永南,113.8329291344,22.6476604205,,,,,
1,广深高速,29,鹤洲北,113.8518333435,22.6279945585,,,,,
1,广深高速,30,鹤洲南,113.8518333435,22.6279945585,,,,,
1,广深高速,33,宝安北,113.89924,22.590881,,,,,
1,广深高速,34,宝安南,113.899411,22.590643,,,,,
1,广深高速,35,南头北,113.930897,22.564249,,,,,
1,广深高速,36,南头南,113.92952,22.56433,,,,,
1,广深高速,37,福田北,114.0117573738,22.5373526817,,,,,
1,广深高速,38,福田南,114.0147185326,22.5308320943,,,,,
1,广深高速,40,皇岗,114.0595436096,22.5170962329,,,,,
1,广深高速,41,同乐一,113.920904,22.571788,,,,,
1,广深高速,42,同乐二,113.922284,22.57018,,,,,
1,广深高速,43,同乐三,113.922985,22.569494,,,,,
1,广深高速,45,沙井北,113.8466,22.7107,,,,,
1,广深高速,46,沙井南,113.8446,22.7048,,,,,
1,广深高速,51,南坪北,113.990393,22.547881,,,,,
1,广深高速,52,南坪南,113.98984,22.54734,,,,,
1,广深高速,60,黄村,113.398604393,23.1443259191,,,,,
1,广深高速,61,大观路北,113.39893,23.15549,,,,,
1,广深高速,62,大观路南,113.3999,23.1399,,,,,
2,盐排高速,3,西坑,114.219317,22.605038,,,,,
2,盐排高速,5,横岗,114.1662096977,22.6333618555,,,,,
3,广清高速,3,庆丰,113.21198,23.212708,,,,,
3,广清高速,5,朝阳,113.204817,23.231275,,,,,
3,广清高速,7,江高,113.20162,23.29025,,,,,
3,广清高速,9,聚龙,113.1964,23.318,,,,,
3,广清高速,11,龙山,113.1965,23.3149,,,,,
3,广清高速,13,神山,113.19491,23.33242,,,,,
3,广清高速,15,新华,113.18594,23.37676,,,,,
3,广清高速,17,海布,113.1844,23.4309,,,,,
3,广清高速,19,狮岭,113.1345462799,23.4710407511,,,,,
3,广清高速,21,银盏,113.1052780151,23.5197651133,,,,,
3,广清高速,23,龙塘,113.06223,23.55784,,,,,
3,广清高速,25,清远,113.0247461,23.65030021,,,,,
3,广清高速,27,清远西,113.0213961,23.65353224,,,,,
4,广佛高速,3,横沙,113.1884211,23.15585375,,,,,
4,广佛高速,5,泌冲,113.1740338,23.1458652,,,,,
4,广佛高速,7,沙涌,113.1584287,23.14068854,,,,,
4,广佛高速,9,罗城,113.132185936,23.1323883086,,,,,
4,广佛高速,11,雅瑶,113.1284148,23.11874271,,,,,
4,广佛高速,13,大沥,113.1263119,23.11085165,,,,,
4,广佛高速,15,谢边,113.1010609,23.07396711,,,,,
5,佛开高速,3,张槎,113.0588650703,23.0400678449,,,,,
5,佛开高速,5,南庄,113.04235,22.99729,,,,,
5,佛开高速,7,吉利,113.0316,22.9407,,,,,
5,佛开高速,9,沙头,113.0287,22.9057,,,,,
5,佛开高速,11,龙山,113.0245542526,22.860832834,,,,,
5,佛开高速,13,大雁山,113.0211054,22.80092056,,,,,
5,佛开高速,15,陈山,112.9900854,22.74293363,,,,,
5,佛开高速,17,共和,112.880423069,22.5950533841,,,,,
6,广珠东线,5,珠海站,113.5291,22.4197,,,,,
6,广珠东线,6,下栅站,113.5364,22.4628,,,,,
6,广珠东线,7,翠亨B站,113.5364,22.4625,,,,,
6,广珠东线,9,南朗站,113.4937,22.5156,,,,,
6,广珠东线,11,城区站,113.4651,22.5213,,,,,
6,广珠东线,14,民众B站,113.44408,22.6383,,,,,
6,广珠东线,15,三角B站,113.44921,22.67724,,,,,
6,广珠东线,17,灵山站,113.4891,22.7734,,,,,
6,广珠东线,21,亭角站,113.4821,22.7496,,,,,
6,广珠东线,47,翠亨A站,113.5364,22.4625,,,,,
6,广珠东线,54,民众A站,113.44408,22.6383,,,,,
6,广珠东线,55,三角A站,113.44921,22.67724,,,,,
7,汕梅高速,5,梅南,116.0738913,24.14065194,,,,,
7,汕梅高速,7,畲江,116.0002613,24.02950438,,,,,
7,汕梅高速,9,径义,116.0390892,23.93973857,,,,,
7,汕梅高速,11,附城,116.1313143,23.80133077,,,,,
7,汕梅高速,13,丰顺,116.1809977,23.73224083,,,,,
7,汕梅高速,15,玉湖,116.2392269,23.6954092,,,,,
8,广肇高速,2,三水西站,112.8428059,23.10955167,,,,,
8,广肇高速,5,金利站,112.7783252,23.10433799,,,,,
8,广肇高速,7,蚬岗站,112.6575424,23.06446636,,,,,
8,广肇高速,9,白土站,112.5754615,23.02805189,,,,,
8,广肇高速,10,莲塘站,112.469,22.9851,,,,,
8,广肇高速,11,马安站,112.4241662,22.99999882,,,,,
9,新台高速,9,司前北站,112.8295,22.5021,,,,,
9,新台高速,11,司前南站,112.8321,22.4956,,,,,
9,新台高速,13,牛湾站,112.8108,22.4218,,,,,
9,新台高速,15,大江站,112.8166,22.383,,,,,
9,新台高速,17,台城站,112.8293,22.2537,,,,,
9,新台高速,19,冲篓站,112.8235,22.1597,,,,,
9,新台高速,21,斗山站,112.8596,22.0573,,,,,
10,揭普高速,3,锡场,116.3037361,23.6117459,,,,,
10,揭普高速,5,霖磐,116.251125,23.55757,,,,,
10,揭普高速,7,赤岗,116.187016,23.43529,,,,,
10,揭普高速,9,泥沟,116.140925,23.3352117,,,,,
11,普惠高速,3,池尾,116.110268,23.2784287,,,,,
11,普惠高速,5,高柏,115.996162,23.136954,,,,,
11,普惠高速,7,葵潭,115.9608,23.0667,,,,,
11,普惠高速,9,东港,115.9658068,22.97078946,,,,,
12,汕汾高速,3,海湾大桥,116.743,23.3286,,,,,
12,汕汾高速,5,汕头,116.7586017,23.35540833,,,,,
12,汕汾高速,7,外砂,116.7380133,23.4334514,,,,,
12,汕汾高速,9,湖心,116.7260667,23.4890262,,,,,
12,汕汾高速,11,店市,116.7324993,23.56545789,,,,,
12,汕汾高速,13,潮州,116.748095,23.632825,,,,,
12,汕汾高速,15,钱东,116.8988864,23.68778776,,,,,
12,汕汾高速,17,黄冈,116.9834877,23.70324501,,,,,
12,汕汾高速,19,粤闽主线,116.9792838,23.70476989,,,,,
13,深汕东,5,陆丰,115.652357,22.961395,,,,,
13,深汕东,7,霞湖,115.65239,22.961071,,,,,
13,深汕东,9,内湖,115.836842,22.963759,,,,,
13,深汕东,11,东港,115.96521,22.968206,,,,,
13,深汕东,13,隆江,116.138019,23.00402,,,,,
13,深汕东,15,惠来,116.275014,23.035646,,,,,
13,深汕东,17,仙庵,116.504012,23.072873,,,,,
13,深汕东,19,田心,116.52671,23.108442,,,,,
13,深汕东,21,海门,116.621715,23.215465,,,,,
13,深汕东,23,河浦,116.67088,23.251929,,,,,
13,深汕东,25,达濠,116.698634,23.293255,,,,,
13,深汕东,27,汕头,116.7345,23.315,,,,,
14,广贺高速,3,怀集南,112.1773,23.8653,,,,,
14,广贺高速,5,古水,112.2739,23.6567,,,,,
14,广贺高速,7,广宁,112.401,23.5562,,,,,
14,广贺高速,9,宾亨,112.4386,23.5125,,,,,
14,广贺高速,11,黄田,112.538,23.428,,,,,
14,广贺高速,13,四会西,112.6475,23.3849,,,,,
14,广贺高速,15,大旺,112.8014,23.264,,,,,
14,广贺高速,17,唐家,112.8465,23.2042,,,,,
15,西部沿海,5,东城,112.0365142822,21.8935376969,,,,,
15,西部沿海,7,雅韶,112.063164711,21.829412744,,,,,
15,西部沿海,11,三山,112.215256691,21.833974134,,,,,
15,西部沿海,15,北陡,112.391284,21.897048,,,,,
15,西部沿海,19,汶村,112.4874043465,21.8689266794,,,,,
15,西部沿海,21,海宴,112.5529146194,21.8330180468,,,,,
15,西部沿海,23,沙栏,112.6324903965,21.8493304079,,,,,
15,西部沿海,25,上川,112.6994919777,21.8883410638,,,,,
15,西部沿海,27,广海,112.7786922455,21.973732936,,,,,
15,西部沿海,29,南北,112.8666472435,22.0007530567,,,,,
15,西部沿海,31,都斛,112.9425644875,22.0799929684,,,,,
15,西部沿海,33,崖南,113.066615,22.198996,,,,,
15,西部沿海,35,金门,113.104077,22.223099,,,,,
16,广明高速,3,金白,112.8964,22.9797,,,,,
16,广明高速,5,荷城,112.8486,22.9613,,,,,
16,广明高速,7,沧江,112.7666,22.9397,,,,,
16,广明高速,9,明城,112.6673,22.8712,,,,,
16,广明高速,13,更合东,112.5666,22.7884,,,,,
16,广明高速,15,更合西,112.464,22.7505,,,,,
17,广惠高速,3,萝岗站,113.48938,23.19505,,,,,
17,广惠高速,5,永和站,113.59262,23.16385,,,,,
17,广惠高速,7,仙村站,113.72056,23.19725,,,,,
17,广惠高速,9,三江站,113.8544,23.2064,,,,,
17,广惠高速,11,石湾站,113.9108,23.2016,,,,,
17,广惠高速,12,园洲站,113.971,23.1891,,,,,
17,广惠高速,13,长宁站,114.0416,23.1927,,,,,
17,广惠高速,15,龙溪站,114.1322,23.1625,,,,,
17,广惠高速,17,博罗站,114.1884,23.1591,,,,,
17,广惠高速,18,小金口匝,114.3814,23.2041,,,,,
17,广惠高速,19,小金口主,114.3814,23.2041,,,,,
17,广惠高速,21,汝湖站,114.4598,23.1911,,,,,
17,广惠高速,23,蓬陵站,114.5691,23.1516,,,,,
17,广惠高速,25,乌塘站,114.6317,23.0376,,,,,
17,广惠高速,27,白花站,114.6542,22.9452,,,,,
17,广惠高速,29,凌坑站,114.67443,22.8697,,,,,
18,惠盐深圳,5,富地岗,114.3205597,22.76752097,,,,,
18,惠盐深圳,7,龙岗,114.2973804474,22.7192694502,,,,,
18,惠盐深圳,9,荷坳,114.2284355,22.68647032,,,,,
19,惠盐惠州,2,平南,114.3424201012,23.0047178283,,,,,
19,惠盐惠州,3,白云前,114.3816937,23.04727639,,,,,
19,惠盐惠州,5,伯公坳,114.3200257,22.97741226,,,,,
19,惠盐惠州,6,镇隆,114.3155067,22.96995667,,,,,
19,惠盐惠州,7,新墟,114.3361277,22.86929111,,,,,
19,惠盐惠州,9,坑塘径,-1,-1,,,,,
20,开阳高速,3,水口,112.7617,22.4715,,,,,
20,开阳高速,4,开平,112.6599884033,22.44264515,,,,,
20,开阳高速,5,沙塘,112.6190900803,22.4336012288,,,,,
20,开阳高速,7,塘口,112.5623559952,22.3889481518,,,,,
20,开阳高速,9,沙湖,112.4512910843,22.34977812,,,,,
20,开阳高速,11,圣堂,112.3845148087,22.3108154398,,,,,
20,开阳高速,13,恩城,112.3033,22.2425,,,,,
20,开阳高速,15,大槐,112.2393107414,22.1217629983,,,,,
20,开阳高速,17,那龙,112.1828341484,22.0102427026,,,,,
20,开阳高速,19,北惯,112.1007585526,21.9693352132,,,,,
20,开阳高速,22,阳江,111.9679,21.9129,,,,,
20,开阳高速,23,白沙,111.8573963642,21.8995305137,,,,,
21,茂湛高速,3,林头,111.0947,21.6453,,,,,
21,茂湛高速,5,茂名,110.9636306763,21.6190529361,,,,,
21,茂湛高速,7,鳌头站,110.86524,21.58432,,,,,
21,茂湛高速,9,浅水,110.7264021,21.5681997,,,,,
21,茂湛高速,11,杨梅站,110.624256134,21.5344478053,,,,,
21,茂湛高速,13,塘缀,110.5235981941,21.4767723181,,,,,
21,茂湛高速,15,官渡,110.4128980637,21.4110035807,,,,,
21,茂湛高速,17,源水,110.2801179886,21.3460646127,,,,,
22,江鹤一期,1,龙湾,113.0478572845,22.5694358264,,,,,
22,江鹤一期,2,杜阮,112.9987943172,22.59340909,,,,,
22,江鹤一期,3,共和匝,112.8883,22.5901,,,,,
22,江鹤一期,4,共和主,22.5901,112.8883,,,,,
22,江鹤一期,5,蓬江,113.0273,22.5877,,,,,
23,广三高速,2,上亨,113.122959,23.13213661,,,,,
23,广三高速,3,松岗,113.1051921844,23.1302769181,,,,,
23,广三高速,4,狮山,113.0009937286,23.1376765052,,,,,
23,广三高速,5,狮中,112.9536151886,23.1436748041,,,,,
23,广三高速,6,狮岭,112.9301129,23.15375549,,,,,
23,广三高速,7,三水,112.8979623,23.17423669,,,,,
23,广三高速,8,云东海,112.8806867,23.18330667,,,,,
24,盐坝高速,3,盐田站,114.2653870583,22.5886543942,,,,,
24,盐坝高速,5,大梅沙,114.2963075638,22.6023633214,,,,,
24,盐坝高速,7,小梅沙,114.324589,22.605295,,,,,
24,盐坝高速,9,溪涌站,114.357548,22.613694,,,,,
24,盐坝高速,11,土洋站,114.397373,22.615754,,,,,
24,盐坝高速,13,葵涌站,114.4201,22.6226,,,,,
24,盐坝高速,15,坝岗站,114.496422,22.659799,,,,,
25,莞深高速,4,大坪站,114.0372,22.7774,,,,,
25,莞深高速,7,黄江站,113.9813,22.8595,,,,,
25,莞深高速,9,大朗站,113.9131,22.9045,,,,,
25,莞深高速,11,石大路站,113.8729,22.9509,,,,,
25,莞深高速,13,中心站,113.8361,22.97469,,,,,
25,莞深高速,14,上屯站,113.8255,22.9949,,,,,
25,莞深高速,15,东莞站,113.81154,23.03204,,,,,
25,莞深高速,17,莞龙站,113.80367,23.07626,,,,,
25,莞深高速,18,石碣站,113.7892,23.1162,,,,,
25,莞深高速,19,林村站,113.7705,23.1845,,,,,
25,莞深高速,20,田心站,116.53112,23.105663,,,,,
25,莞深高速,21,迎宾站,114.056977,22.811305,,,,,
26,中江高速,3,东升,113.307,22.6045,,,,,
26,中江高速,4,小榄,113.2632923126,22.5846920223,,,,,
26,中江高速,5,横栏,113.2165145874,22.5819579192,,,,,
26,中江高速,11,港口,113.3922,22.5938,,,,,
26,中江高速,17,外海A,113.1601,22.5724,,,,,
26,中江高速,18,外海B,113.1439,22.5662,,,,,
27,南光高速,3,西丽,113.9273428917,22.6031854174,,,,,
27,南光高速,5,白芒,113.9275145531,22.6070284036,,,,,
27,南光高速,7,宝石,113.9162921906,22.6239738998,,,,,
27,南光高速,11,洲石南,113.8913154602,22.6693430762,,,,,
27,南光高速,12,洲石北,113.8873887062,22.6825292074,,,,,
27,南光高速,13,塘明,113.8823676109,22.7393378101,,,,,
27,南光高速,15,下村,113.8732159138,22.7967360439,,,,,
28,广珠西线,3,南丫,113.2218,23.0505,,,,,
28,广珠西线,5,石洲,113.2202,23.0096,,,,,
28,广珠西线,7,碧江,113.2509,22.9452,,,,,
28,广珠西线,9,三洲,113.2853,22.865,,,,,
28,广珠西线,11,顺德,113.300242424,22.8392003288,,,,,
28,广珠西线,13,容桂,113.3072161675,22.7512705566,,,,,
28,广珠西线,15,南头,113.3047056198,22.7220404048,,,,,
28,广珠西线,17,东阜,113.302731514,22.6663334511,,,,,
28,广珠西线,19,中山西,113.3119,22.5685,,,,,
28,广珠西线,21,沙溪,113.2813,22.5332,,,,,
28,广珠西线,23,中山南,113.3202,22.4668,,,,,
28,广珠西线,25,板芙,113.3519339561,22.3827777182,,,,,
28,广珠西线,27,三乡,113.3958,22.33918,,,,,
28,广珠西线,29,月环,113.41964,22.30359,,,,,
29,北二环,1,龙山,113.2003,23.3099,,,,,
29,北二环,2,水沥,113.2308,23.3181,,,,,
29,北二环,3,北二蚌湖,113.2680988312,23.306157863,,,,,
29,北二环,4,北村,113.293762207,23.30347771,,,,,
29,北二环,5,石湖,113.3253479004,23.2943923778,,,,,
29,北二环,8,长平,113.4754550457,23.2193112069,,,,,
29,北二环,9,萝岗,-1,-1,,,,,
29,北二环,10,火村,-1,-1,,,,,
30,华南快速,2,华快土华,113.3379650116,23.0697428478,,,,,
30,华南快速,4,华快新洲,113.3456468582,23.1014442341,,,,,
30,华南快速,5,黄埔,113.3465909958,23.127770832,,,,,
30,华南快速,6,中山站,113.3481788635,23.1377159686,,,,,
30,华南快速,7,华快广园,113.3543050289,23.1490809357,,,,,
30,华南快速,8,华快岑村,113.3585,23.1609,,,,,
30,华南快速,9,华快广汕,113.348792,23.167538,,,,,
30,华南快速,10,龙洞,113.36488,23.1979,,,,,
30,华南快速,11,春岗,113.36264,23.21107,,,,,
30,华南快速,12,太和,113.3623,23.2787,,,,,
30,华南快速,13,帽峰山,-1,-1,,,,,
30,华南快速,14,花城,113.3466768265,23.1196799985,,,,,
31,华南三期,2,隧华朝阳,-1,-1,,,,,
31,华南三期,5,隧华平沙,113.25713,23.23767,,,,,
31,华南三期,6,嘉禾,113.27204,23.23158,,,,,
31,华南三期,7,永泰,113.2978,23.22376,,,,,
31,华南三期,8,同和,113.32411,23.21299,,,,,
31,华南三期,9,沙太,113.33659,23.21353,,,,,
32,北环高速,1,沙贝,113.1936407089,23.1582550759,,,,,
32,北环高速,2,广清东,113.2203984261,23.1665605835,,,,,
32,北环高速,3,广清西,113.215034008,23.1662646717,,,,,
32,北环高速,4,广花,113.2526278496,23.1648048303,,,,,
32,北环高速,5,北环广园,113.2722616196,23.1622599337,,,,,
32,北环高速,6,广从,113.3222150803,23.1691251255,,,,,
32,北环高速,7,北环广汕,113.3418703079,23.1703876512,,,,,
32,北环高速,8,广氮,-1,-1,,,,,
32,北环高速,9,北浔峰洲,113.1925463676,23.1468316958,,,,,
32,北环高速,15,科韵路,113.3739280701,23.1544868492,,1,61,1,60
34,机场高速,1,三元里,113.257043,23.158038,,,,,
34,机场高速,2,新市,23.1823,113.2543,,,,,
34,机场高速,3,黄石南,113.2581210136,23.2018483115,,,,,
34,机场高速,4,黄石北,113.2583785057,23.2127739814,,,,,
34,机场高速,5,平沙南,113.2566,23.2416,,,,,
34,机场高速,6,平沙,113.25723,23.24357,,,,,
34,机场高速,7,机场蚌湖,113.2683,23.3107,,,,,
34,机场高速,8,人和,113.2757163048,23.3470629035,,,,,
34,机场高速,9,太成,113.2686567307,23.3509241929,,,,,
34,机场高速,10,机场站,113.277733326,23.3524213974,,,,,
34,机场高速,11,东湖,113.2754480839,23.4053445934,,,,,
34,机场高速,12,花山,113.2863378525,23.4330779853,,,,,
34,机场高速,13,金谷南,113.3545732498,23.4566522081,,,,,
34,机场高速,14,金谷北,113.3545732498,23.4566522081,,,,,
34,机场高速,15,山前南,113.3813095093,23.4587977949,,,,,
34,机场高速,16,山前北,113.3813095093,23.4587977949,,,,,
34,机场高速,17,机场北,113.4236454964,23.4488963102,,,,,
34,机场高速,18,白云新城,113.2541942596,23.1807438578,,,,,
35,深汕西,4,坑梓,114.359984,22.741428,,,,,
35,深汕西,5,淡水,114.450929,22.807201,,,,,
35,深汕西,7,沙田,114.556955,22.869387,,,,,
35,深汕西,11,白云,114.770645,22.887811,,,,,
35,深汕西,13,白云仔,114.9396,22.83166,,,,,
35,深汕西,15,后门,115.129765,22.815044,,,,,
35,深汕西,17,长沙湾,115.277908,22.821022,,,,,
35,深汕西,19,埔边,115.34814,22.839945,,,,,
36,惠河高速,5,平南,114.3378766,23.01629493,,,,,
36,惠河高速,7,惠州,114.3382449,23.09469537,,,,,
36,惠河高速,13,小金口,114.389072,23.2051296,,,,,
36,惠河高速,15,四角楼,114.4213238,23.22770309,,,,,
36,惠河高速,17,泰美,114.4744376,23.29436508,,,,,
36,惠河高速,19,杨村,114.5003112,23.4252527,,,,,
36,惠河高速,21,麻陂,114.5160557,23.48492122,,,,,
36,惠河高速,23,石坝,114.5430501,23.53472589,,,,,
36,惠河高速,25,埔前,114.6276733,23.60445167,,,,,
37,虎门大桥,2,南沙A站,113.5854,22.774,,,,,
37,虎门大桥,4,南沙B站,113.5767,22.7679,,,,,
37,虎门大桥,6,威远站,113.6323,22.8064,,,,,
37,虎门大桥,8,太平立交,113.7003,22.8259,,,,,
38,海湾大桥,1,汕头站,116.7586017,23.35540833,,,,,
38,海湾大桥,2,海湾站,116.7516356,23.34853419,,,,,
38,海湾大桥,3,澳头站,116.73353,23.31509833,,,,,
39,河龙高速,3,热水,114.7906,23.8514,,,,,
39,河龙高速,5,义合,114.85862,23.834897,,,,,
39,河龙高速,7,黄田,114.9803,23.8734,,,,,
39,河龙高速,9,蓝口,115.0869,23.951,,,,,
39,河龙高速,11,柳城,115.0984811783,23.9809984458,,,,,
40,南部快速,1,仑头,113.361,23.075,,,,,
40,南部快速,2,大学城,113.371,23.047,,,,,
40,南部快速,3,七星岗,113.382,22.99,,,,,
40,南部快速,4,亚运城,113.419,22.937,,,,,
40,南部快速,5,市南路,113.417,22.896,,,,,
40,南部快速,6,鱼窝头,113.421,22.862,,,,,
40,南部快速,7,细沥,113.4428930283,22.8401099916,,,,,
40,南部快速,8,黄阁,113.4355115891,22.8403077435,,,,,
40,南部快速,9,庙贝沙,113.4448671341,22.7920873096,,,,,
40,南部快速,10,横沥,113.4648227692,22.7631231156,,,,,
40,南部快速,11,苏十顷,113.514175415,22.7142420034,,,,,
40,南部快速,12,福安,113.542,22.695,,,,,
40,南部快速,13,沥心沙,113.5676050186,22.6754413245,,,,,
40,南部快速,14,新龙,113.6300683022,22.6321339315,,,,,
40,南部快速,15,新龙集,113.6300683022,22.6321339315,,,,,
40,南部快速,16,新龙钢,113.6300683022,22.6321339315,,,,,
41,东新高速,3,东沙主线,113.255537,23.056489,,,,,
41,东新高速,5,东沙匝道,113.2505,23.0532,,,,,
41,东新高速,7,南浦,113.2603,23.0342,,,,,
41,东新高速,9,新客站,113.2797,22.9936,,,,,
41,东新高速,11,禺山,113.2935,22.9429,,,,,
41,东新高速,13,沙湾,113.2984,22.8904,,,,,
41,东新高速,15,五沙,113.348866,22.8184,,,,,
41,东新高速,17,新联工业,113.459,22.7639,,,,,
42,番禺大桥,1,番禺大桥,113.3299324,23.02540694,,,,,
43,惠深沿海,3,稔山,114.7875306,22.8733818,,,,,
43,惠深沿海,5,小径湾,114.6774263,22.8063635,,,,,
43,惠深沿海,7,霞涌,114.6381358,22.77839809,,,,,
43,惠深沿海,9,大亚湾,114.5559632,22.75288337,,,,,
43,惠深沿海,11,澳头,114.5061558,22.74588738,,,,,
43,惠深沿海,13,小桂,114.5086068,22.68250118,,,,,
44,黄埔大桥,1,笔村,113.4969417,23.12123833,,,,,
44,黄埔大桥,2,官田东,113.4963917,23.09507544,,,,,
44,黄埔大桥,3,草堂,113.4658098221,23.0351312486,,,,,
44,黄埔大桥,4,化龙,113.4406022,23.01418761,,,,,
45,西二环北,1,小塘,-1,-1,,,,,
45,西二环北,3,官窑,112.965926,23.213636,,,,,
45,西二环北,4,乐平,113.016115,23.295165,,,,,
45,西二环北,6,炭步,113.0897,23.3108,,,,,
45,西二环北,7,和顺,113.1574,23.2314,,,,,
46,西二环南,1,九江站,113.0217,22.8403,,,,,
46,西二环南,3,西樵站,112.935755,22.934251,,,,,
46,西二环南,5,丹灶站,112.900945,23.05483,,,,,
46,西二环南,7,金沙站,112.912083,23.120235,,,,,
46,西二环南,9,小塘站,112.9212,23.1563,,,,,
47,梅州西环,3,城北,116.0840823,24.34087807,,,,,
47,梅州西环,5,城东,116.1349922,24.3776711,,,,,
47,梅州西环,7,梅州,116.10038,24.25257839,,,,,
47,梅州西环,9,城西,116.0537272,24.28184057,,,,,
48,机荷西,3,黄鹤,113.8589572907,22.6366890783,,,,,
48,机荷西,5,石岩,113.9183521271,22.6590665185,,,,,
48,机荷西,7,溪之谷,113.9478349686,22.6789655132,,,,,
48,机荷西,9,水朗,113.9702153206,22.686845113,,,,,
48,机荷西,10,水朗C,113.9702153206,22.686845113,,,,,
49,机荷东,3,福民,114.0340948105,22.6839150635,,,,,
49,机荷东,4,清湖,114.0485787392,22.6832023393,,,,,
49,机荷东,6,平湖,114.1152477264,22.6652444258,,,,,
49,机荷东,7,白泥坑,114.1455,22.6604,,,,,
49,机荷东,10,水荷立交,114.20259,22.67778,,,,,
49,机荷东,11,荷坳主线,114.21988,22.68229,,,,,
49,机荷东,12,荷坳匝道,114.21988,22.68229,,,,,
49,机荷东,15,荷坳,114.21988,22.68229,,,,,
50,梅观高速,3,梅林,114.0484070778,22.5923194868,,,,,
50,梅观高速,4,华南,114.0432143211,22.6230033784,,,,,
50,梅观高速,5,坂田,114.0433859825,22.6320943209,,,,,
50,梅观高速,7,华为南,114.0495228767,22.6577002129,,,,,
50,梅观高速,11,观澜,114.0394377708,22.7243461922,,,,,
50,梅观高速,13,黎光,114.034088,22.760907,,,,,
51,京珠北,3,粤北,112.9563,25.326,,,,,
51,京珠北,5,坪石,112.9886,25.2728,,,,,
51,京珠北,7,梅花,113.0576,25.1916,,,,,
51,京珠北,9,大桥,113.1356,24.9702,,,,,
51,京珠北,11,东田,113.1882,24.8142,,,,,
51,京珠北,13,乳源,113.2982,24.7876,,,,,
51,京珠北,15,韶关北,113.4541,24.7523,,,,,
52,京珠南,3,韶关站,113.5021,24.7408,,,,,
52,京珠南,5,韶关南,113.5802,24.6532,,,,,
52,京珠南,7,沙溪,113.6511,24.6074,,,,,
52,京珠南,9,翁城,113.7803,24.425,,,,,
52,京珠南,11,大镇,113.6922,24.2699,,,,,
52,京珠南,13,渔湾,113.6631,24.18941,,,,,
52,京珠南,15,高岗,113.59718,24.0139,,,,,
52,京珠南,17,佛冈,113.5309,23.8532,,,,,
52,京珠南,19,汤塘,113.4939,23.7512,,,,,
52,京珠南,21,鳌头,113.4646,23.5848,,,,,
52,京珠南,23,北兴,113.4224,23.4325,,,,,
52,京珠南,25,钟落潭,113.4158,23.3906,,,,,
52,京珠南,27,太和,113.3641,23.2769,,,,,
53,阳茂高速,3,程村,111.7136173,21.84397175,,,,,
53,阳茂高速,5,织贡,111.5896082,21.78833585,,,,,
53,阳茂高速,7,新墟,111.4449823,21.67774276,,,,,
53,阳茂高速,9,马踏,111.360943,21.65423671,,,,,
53,阳茂高速,11,观珠,111.2031163,21.66665725,,,,,
54,广云高速,3,白诸站,112.0986602,22.95855898,,,,,
54,广云高速,5,思劳站,112.2167668,22.92531055,,,,,
54,广云高速,7,云浮东,112.3162872,22.95792119,,,,,
55,沿海珠海,1,珠港站,113.146265,22.211104,,,,,
55,沿海珠海,3,斗门站,113.3067440987,22.245429787,,,,,
55,沿海珠海,7,坦洲站,113.4627628326,22.3125623441,,,,,
55,沿海珠海,9,那洲站,113.489749,22.364751,,,,,
55,沿海珠海,11,下栅站,113.521933,22.408977,,,,,
55,沿海珠海,15,金台站,113.2300329208,22.2149801909,,,,,
56,兴畲高速,1,新圩,115.8729223,24.068299,,,,,
57,广珠北段,3,化龙,113.4428,23.0146,,,,,
57,广珠北段,5,石基,113.4606,22.9558,,,,,
57,广珠北段,7,黄阁,113.4878,22.8495,,,,,
58,南二环,2,鱼窝头站,113.436378,22.85755,,,,,
58,南二环,3,鱼窝标识,-1,-1,,,,,
58,南二环,4,榄核站,113.3456,22.8648,,,,,
58,南二环,5,伦教站,113.2475,22.8678,,,,,
58,南二环,6,勒流站,113.188553,22.847173,,,,,
58,南二环,7,杏坛站,113.118983,22.83352,,,,,
58,南二环,8,龙江站,113.077,22.8387,,,,,
58,南二环,9,九江站,113.0217,22.8403,,,,,
59,街北高速,13,街口,113.5875549,23.51935479,,,,,
60,增莞高速,3,石头站,113.7703,23.1845,,,,,
60,增莞高速,5,增城站,113.7875,23.233,,,,,
61,沿江高速,1,黄埔主线,113.48748,23.09628,,,,,
61,沿江高速,3,黄埔匝道,-1,-1,,,,,
61,沿江高速,5,开发大道,113.5188961029,23.0994902553,,,,,
61,沿江高速,7,南岗,113.5468769073,23.0940229111,,,,,
61,沿江高速,9,麻涌,113.5567,23.0292,,,,,
61,沿江高速,11,洪梅,113.5967,22.9457,,,,,
61,沿江高速,15,沙田,113.6052,22.8887,,,,,
61,沿江高速,17,威远,113.6372,22.8121,,,,,
61,沿江高速,19,虎门,113.6977,22.7789,,,,,
61,沿江高速,21,长安,113.7296,22.7642,,,,,
63,常虎高速,2,常虎中心,113.8152779,22.86569461,,,,,
63,常虎高速,3,大岭山站,113.8406492,22.86760882,,,,,
63,常虎高速,5,罗田站,113.8621759415,22.859251049,,,,,
63,常虎高速,7,松山湖站,113.92832,22.88301167,,,,,
63,常虎高速,9,莞樟路站,113.9836809,22.91744326,,,,,
63,常虎高速,11,常平站,114.0167916,22.94185638,,,,,
63,常虎高速,15,东莞东站,114.0431714058,22.9545602167,,,,,
63,常虎高速,17,东深路站,114.0596822,22.957155,,,,,
63,常虎高速,19,虎门北,113.6753775,22.84726771,,,,,
64,渝湛高速,3,湛江站,110.2653764,21.31056923,,,,,
64,渝湛高速,7,沙坡站,110.2200367,21.34398667,,,,,
64,渝湛高速,9,洋青站,110.1296318,21.39041029,,,,,
64,渝湛高速,11,安铺站,110.0673666,21.45703181,,,,,
64,渝湛高速,13,仰塘站,109.9975564,21.52296226,,,,,
64,渝湛高速,17,高桥站,109.7239,21.6237,,,,,
64,渝湛高速,19,粤西站出,109.7613075,21.60766849,,,,,
64,渝湛高速,21,粤西站,109.7412,21.6115,,,,,
69,梅河高速,3,径南,115.9614498,24.1877324,,,,,
69,梅河高速,5,兴宁东,115.7930324,24.1278214,,,,,
69,梅河高速,7,兴宁西,115.746994,24.1038881,,,,,
69,梅河高速,9,五华北,115.6515296,24.0399085,,,,,
69,梅河高速,11,歧岭,115.4969,24.0605,,,,,
69,梅河高速,13,登云,115.3888952,24.0706776,,,,,
69,梅河高速,15,龙川东,115.290183,24.1020216,,,,,
69,梅河高速,17,龙川西,115.2309675,24.0811927,,,,,
70,水官高速,1,布龙,114.1002241,22.63508379,,,,,
70,水官高速,2,布澜,114.1235975,22.6417895,,,,,
70,水官高速,3,平沙,114.1521904,22.64372522,,,,,
70,水官高速,4,横坪,114.2033349,22.66612311,,,,,
70,水官高速,5,龙岗,114.2042068,22.68087108,,,,,
70,水官高速,6,神龙1,114.0900446,22.62143123,,,,,
70,水官高速,7,龙景,114.0867033,22.63313167,,,,,
70,水官高速,9,神龙2,114.0900446,22.62143123,,,,,
72,清连高速,3,清新,112.9218,23.8232,,,,,
72,清连高速,5,龙颈,112.9103,23.8441,,,,,
72,清连高速,7,禾云,112.9324,23.9243,,,,,
72,清连高速,9,浸潭,112.8549,24.08033,,,,,
72,清连高速,11,石潭,112.7647,24.1424,,,,,
72,清连高速,13,焦冲,112.6798,24.2606,,,,,
72,清连高速,15,杜步,112.6842,24.3558,,,,,
72,清连高速,17,阳山,112.6471,24.4525,,,,,
72,清连高速,19,黎埠,112.43452,24.55421,,,,,
72,清连高速,20,水足塘,112.3735,24.6243,,,,,
72,清连高速,22,连南,112.3298,24.7387,,,,,
72,清连高速,23,连州,112.3517,24.7879,,,,,
72,清连高速,25,保安,112.429,24.9079,,,,,
72,清连高速,27,星子,112.551,25.0004,,,,,
72,清连高速,29,大路边,112.634,25.0402,,,,,
72,清连高速,31,凤头岭,112.6977,25.0574,,,,,
73,粤赣高速,5,粤赣,114.9608,24.6764,,,,,
73,粤赣高速,7,上陵,114.9635386,24.6088067,,,,,
73,粤赣高速,9,和平,114.9112683,24.45197834,,,,,
73,粤赣高速,11,合水,114.91029,24.36305811,,,,,
73,粤赣高速,13,大湖,114.8492941,24.24689314,,,,,
73,粤赣高速,15,忠信,114.7848305,24.16402844,,,,,
73,粤赣高速,17,灯塔,114.8041134,24.02368915,,,,,
73,粤赣高速,21,东源,114.7226987,23.81121254,,,,,
73,粤赣高速,23,城北,114.672971,23.75351107,,,,,
73,粤赣高速,24,河源站,114.6620575,23.71565322,,,,,
73,粤赣高速,25,城南,114.6620418,23.66842623,,,,,
74,韶赣高速,3,乐村坪,113.6088378,24.72950513,,,,,
74,韶赣高速,5,韶关东,113.6389766,24.78460127,,,,,
74,韶赣高速,7,大塘,113.7352593,24.85824243,,,,,
74,韶赣高速,9,丹霞,113.8050279,24.94934709,,,,,
74,韶赣高速,11,总甫,113.9313,24.9911,,,,,
74,韶赣高速,15,始兴北,114.0626869,24.96715505,,,,,
74,韶赣高速,17,马市,114.1529,25.0153,,,,,
74,韶赣高速,19,南雄,114.2839,25.1476,,,,,
74,韶赣高速,21,珠玑,114.3486807,25.1841434,,,,,
74,韶赣高速,23,梅岭,114.3686681,25.28978891,,,,,
74,韶赣高速,25,梅关主线,114.3606382,25.30487761,,,,,
75,龙大高速,1,朗田站,113.9661,22.6906,,,,,
75,龙大高速,2,石龙仔站,113.9604,22.7001,,,,,
75,龙大高速,4,光明站,113.9214,22.7548,,,,,
75,龙大高速,5,楼村站,113.91131,22.78748,,,,,
75,龙大高速,6,松岗站,113.880311,22.820942,,,,,
75,龙大高速,7,罗田站,-1,-1,,,,,
76,广园高速,4,新塘站,113.5676050186,23.1276721663,,,,,
76,广园高速,5,新新站,113.591648,23.136465,,,,,
76,广园高速,6,中新站,113.602968,23.143538,,,,,
76,广园高速,7,荔新站,113.6125,23.1429,,,,,
76,广园高速,8,塘美站,113.6275,23.147,,,,,
76,广园高速,9,新沙站,113.6482,23.1458,,,,,
76,广园高速,10,沙埔站,113.6794,23.1558,,,,,
76,广园高速,11,仙村站,113.70269,23.16456,,,,,
76,广园高速,12,广园大桥,113.71537,23.15301,,,,,
76,广园高速,14,仓头站,113.5494,23.1269,,,,,
78,天汕高速,3,新铺,116.1704086,24.53543847,,,,,
78,天汕高速,5,蕉岭南,116.161877,24.62017356,,,,,
78,天汕高速,7,文福,116.1785746,24.69761562,,,,,
78,天汕高速,9,广福,116.1805491,24.82924473,,,,,
78,天汕高速,11,广福主线,116.1932245,24.84416437,,,,,
79,汕揭高速,3,埔田,116.4012814,23.60977617,,,,,
79,汕揭高速,5,云路,116.4873349,23.59114076,,,,,
79,汕揭高速,7,登岗,116.5531519,23.54725245,,,,,
79,汕揭高速,9,沙溪,116.5892732,23.49276669,,,,,
79,汕揭高速,13,月浦,116.6840235,23.42869948,,,,,
79,汕揭高速,15,泰山,-1,-1,,,,,
80,江珠高速,1,礼乐,113.136027,22.518506,,,,,
80,江珠高速,2,睦州,113.170053,22.464599,,,,,
80,江珠高速,3,莲洲A,-1,-1,,,,,
80,江珠高速,4,莲洲B,-1,-1,,,,,
80,江珠高速,5,斗门,113.296444416,22.2637996303,,,,,
80,江珠高速,6,珠海西,113.3739280701,22.1829543076,,,,,
82,湛徐高速,1,麻章,110.2242667,21.25680167,,,,,
82,湛徐高速,3,城月,110.1014767,21.13399333,,,,,
82,湛徐高速,5,雷州,110.0343271,20.99819418,,,,,
82,湛徐高速,7,雷城,110.0074683,20.91119333,,,,,
82,湛徐高速,9,松竹,110.0105517,20.83026,,,,,
82,湛徐高速,11,龙门,109.9937133,20.69921333,,,,,
82,湛徐高速,13,英利,110.04733,20.55713833,,,,,
82,湛徐高速,15,下桥,110.0963817,20.45153,,,,,
82,湛徐高速,17,徐城,110.1233731,20.39111236,,,,,
83,虎岗高速,3,樟木头站,114.118173,22.94796026,,,,,
83,虎岗高速,5,谢岗站,114.1752412,22.95279695,,,,,
84,潮莞高速,3,大岭站,114.6376562119,23.0085692575,,,,,
84,潮莞高速,5,良井站,114.557872,22.984655,,,,,
84,潮莞高速,7,三栋站,114.459498,22.968885,,,,,
84,潮莞高速,9,镇隆站,114.3153190613,22.9663753042,,,,,
84,潮莞高速,11,沥林站,114.2617,22.962,,,,,
85,云梧高速,3,云安,111.9904017,23.00978167,,,,,
85,云梧高速,4,高村站,111.8777,22.9686,,,,,
85,云梧高速,5,连滩,111.763545,22.98839833,,,,,
85,云梧高速,7,建城,111.564015,23.12529167,,,,,
85,云梧高速,9,郁南,111.5045317,23.22962,,,,,
85,云梧高速,11,平台,111.393402,23.27277275,,,,,
85,云梧高速,13,宋桂,111.77561,22.88061333,,,,,
85,云梧高速,15,双东,111.6193,22.7923,,,,,
85,云梧高速,17,附城,111.3981,22.8193,,,,,
85,云梧高速,19,榃滨,111.404318,22.81912775,,,,,
85,云梧高速,21,榃滨主线,111.401834,22.81851433,,,,,
86,江肇高速,3,蓬江主线,113.0219357,22.61448391,,,,,
86,江肇高速,5,杜阮北,113.0127162,22.62237446,,,,,
86,江肇高速,7,棠下,112.9914438,22.65466719,,,,,
86,江肇高速,9,桃源,112.9355816,22.74536183,,,,,
86,江肇高速,11,龙口,112.8839416,22.76817208,,,,,
86,江肇高速,13,杨和,112.8072433,22.82376333,,,,,
86,江肇高速,15,人和,112.7294989,22.8450673,,,,,
86,江肇高速,19,回龙,112.6850143,22.97967108,,,,,
86,江肇高速,21,沙浦站,112.6777325,23.13806152,,,,,
86,江肇高速,25,大沙,112.7087888,23.26329909,,,,,
86,江肇高速,27,四会,112.7414817,23.30834833,,,,,
87,阳阳高速,3,阳江港,-1,-1,,,,,
87,阳阳高速,5,高新区,-1,-1,,,,,
87,阳阳高速,7,平冈,111.8740183,21.82127333,,,,,
87,阳阳高速,9,双捷,111.7938167,21.93776167,,,,,
87,阳阳高速,11,岗美,111.7807533,22.04721333,,,,,
87,阳阳高速,13,阳春南,111.745345,22.09539,,,,,
87,阳阳高速,15,阳春西,111.712825,22.15795667,,,,,
88,广河广州,1,八斗互通,-1,-1,,,,,
88,广河广州,2,八斗站,113.452643,23.258111,,,,,
88,广河广州,3,九龙站,113.5603,23.2977,,,,,
88,广河广州,4,中新站,113.6215,23.3455,,,,,
88,广河广州,5,二龙站,113.7353,23.3862,,,,,
88,广河广州,6,腊圃站,113.79,23.4035,,,,,
88,广河广州,7,正果站,113.8691,23.4273,,,,,
89,广河惠州,3,永汉站　,113.9921203,23.56282025,,,,,
89,广河惠州,5,沙迳站　,114.1020134,23.60366825,,,,,
89,广河惠州,7,龙华站　,114.1742914,23.60497752,,,,,
89,广河惠州,9,路溪站　,114.2770612,23.57562705,,,,,
89,广河惠州,11,公庄站　,114.3927917,23.50660103,,,,,
89,广河惠州,13,石坝北站,114.509136,23.51914545,,,,,
90,二广高速,3,朱岗,112.256044,25.046039,,,,,
90,二广高速,5,丰阳,112.263527,25.03136,,,,,
90,二广高速,7,东陂,112.287971,24.983171,,,,,
90,二广高速,9,西岸,112.2989,24.918,,,,,
90,二广高速,11,连南,112.2785,24.7442,,,,,
90,二广高速,13,太保,112.222067,24.6989,,,,,
90,二广高速,15,连山,112.1004,24.5683,,,,,
90,二广高速,17,福堂,112.096,24.4183,,,,,
90,二广高速,19,小三江,112.1277,24.2579,,,,,
90,二广高速,21,泰来,112.129,24.1193,,,,,
90,二广高速,23,怀集西,112.140218,23.90835,,,,,
90,二广高速,25,冷坑,112.068992,23.963292,,,,,
90,二广高速,27,梁村,112.017518,23.965185,,,,,
90,二广高速,29,岗坪,111.944881,23.981704,,,,,
91,梅大高速,3,西阳,116.2000376,24.2801291,,,,,
91,梅大高速,5,丙村,116.2755706,24.347927,,,,,
91,梅大高速,7,三乡,116.3691001,24.3322369,,,,,
91,梅大高速,9,大麻,116.5295799,24.3553006,,,,,
91,梅大高速,11,大埔,116.5902,24.4024,,,,,
102,增从高速,1,增城站,113.8460683,23.31431833,,,,,
102,增从高速,2,正果南站,113.8524619,23.37240998,,,,,
102,增从高速,3,小楼站,113.8306342,23.39646056,,,,,
102,增从高速,4,派潭站,113.768368,23.46338321,,,,,
102,增从高速,5,灌村站,113.7220998,23.57832652,,,,,
102,增从高速,6,桃园站,113.7002872,23.62340512,,,,,
102,增从高速,7,温泉站,113.6661476,23.64525953,,,,,
102,增从高速,8,双凤站,113.6712017,23.50880167,,,,,
102,增从高速,9,街口站,113.5825807,23.51973929,,,,,
102,增从高速,10,街口主线,113.574655,23.52398,,,,,
104,珠海支线,1,南屏主线,-1,-1,,,,,
105,博深高速,1,义和,114.1860723,23.14055456,,,,,
105,博深高速,4,潼湖,114.1937904,23.07801655,,,,,
105,博深高速,5,军垦农场,114.1871426,23.0397186,,,,,
105,博深高速,6,沥林北,114.1968454,22.99458092,,,,,
105,博深高速,7,沥林西,114.26778,22.962187,,,,,
105,博深高速,9,约场,114.2327254,22.81985409,,,,,
105,博深高速,12,官井头,114.2050834,22.73866881,,,,,
105,博深高速,13,杨岗,114.2037820816,22.7183193956,,,,,
105,博深高速,14,凤岗,114.185125,22.67922,,,,,
106,沿江深圳,1,前海,113.8782,22.5344,,,,,
106,沿江深圳,3,西乡南,113.860272,22.56024,,,,,
106,沿江深圳,5,大铲湾,113.8351,22.5792,,,,,
106,沿江深圳,7,西乡北,113.8516,22.5657,,,,,
106,沿江深圳,9,福永,113.7688,22.6762,,,,,
107,清平二期,1,富安,114.1002942,22.68417357,,,,,
107,清平二期,2,金龙,114.0989038,22.70853252,,,,,
108,肇花高速,1,大旺北,112.8235,23.3456,,,,,
108,肇花高速,2,北江西,112.8807,23.3818,,,,,
108,肇花高速,3,北江东,112.9108,23.3871,,,,,
108,肇花高速,4,大塘,112.9467,23.412,,,,,
108,肇花高速,5,国泰,113.0107,23.4482,,,,,
108,肇花高速,6,三坑,113.0546,23.4437,,,,,
108,肇花高速,7,马岭,113.1135,23.4637,,,,,
108,肇花高速,8,钟屋,113.1497,23.4786,,,,,
108,肇花高速,9,六花岗,113.2076,23.4854,,,,,
108,肇花高速,10,芙蓉嶂,113.2399,23.4952,,,,,
108,肇花高速,11,红群站,113.2782,23.4787,,,,,
109,广乐高速,1,坪石西,112.999435,25.26943,,,,,
109,广乐高速,3,梅花北,113.097885,25.237887,,,,,
109,广乐高速,5,乐昌,113.3232,25.0827,,,,,
109,广乐高速,7,杨溪,113.3911,25.0038,,,,,
109,广乐高速,9,乳源东,113.413687,24.899438,,,,,
109,广乐高速,11,白土,113.4867,24.6815,,,,,
109,广乐高速,13,乌石,113.586314,24.603497,,,,,
109,广乐高速,15,樟市,113.570502,24.559561,,,,,
109,广乐高速,17,重阳,113.477929,24.878625,,,,,
109,广乐高速,19,糖寮,113.525816,24.869281,,,,,
109,广乐高速,21,犁市,113.560645,24.870878,,,,,
109,广乐高速,23,良村,113.622689,24.852173,,,,,
109,广乐高速,25,沙口,113.513315,24.423004,,,,,
109,广乐高速,27,英红,113.39095,24.329827,,,,,
109,广乐高速,29,英德,113.358548,24.180353,,,,,
109,广乐高速,31,连江口,113.303709,24.067374,,,,,
109,广乐高速,33,黎溪,113.216119,23.950123,,,,,
109,广乐高速,35,高田,113.18009,23.813295,,,,,
109,广乐高速,37,江口,113.217941,23.711525,,,,,
109,广乐高速,39,源潭,113.231785,23.651412,,,,,
109,广乐高速,41,王子山,113.2493,23.5993,,,,,
109,广乐高速,43,梯面,113.302001,23.555108,,,,,
109,广乐高速,45,花城,113.3037,23.4878,,,,,
110,包茂高速,5,朱砂,110.967064,22.555102,,,,,
110,包茂高速,7,信宜北,110.968705,22.410593,,,,,
110,包茂高速,9,信宜,110.957296,22.313059,,,,,
110,包茂高速,11,信宜南,110.931412,22.25361,,,,,
110,包茂高速,13,东岸,110.939472,22.105815,,,,,
110,包茂高速,15,曹江,110.927333,21.953161,,,,,
110,包茂高速,17,高州,110.928524,21.908123,,,,,
110,包茂高速,19,泗水,110.941123,21.835753,,,,,
110,包茂高速,21,分界,-1,-1,,,,,
110,包茂高速,23,茂名东,110.92871,21.643051,,,,,
110,包茂高速,25,茂名电白,111.032194,21.618859,,,,,
111,广惠延线,3,亚婆角,114.751142,22.81290306,,,,,
111,广惠延线,7,巽寮湾,114.7676421,22.75446952,,,,,
112,广明佛山,2,仙涌,113.1966662407,22.9819230181,,,,,
112,广明佛山,3,罗格,113.011812,22.991054,,,,,
112,广明佛山,4,下安,112.9706,22.9997,,,,,
112,广明佛山,5,西樵,112.9286,22.9836,,,,,
114,梅大东延,13,茶阳,116.4254783,24.2935336,,,,,
114,梅大东延,15,茶阳省界,116.4230586,24.2939888,,,,,
115,揭博高速,1,龙潭,115.9567,23.4442,,,,,
115,揭博高速,3,揭西,115.8543,23.4767,,,,,
115,揭博高速,5,棉洋,115.6702,23.5999,,,,,
115,揭博高速,7,华阳,115.5154,23.613,,,,,
115,揭博高速,9,水墩,115.4042,23.5851,,,,,
115,揭博高速,11,紫金东,115.2251,23.575,,,,,
115,揭博高速,13,紫金西,115.1147,23.5909,,,,,
115,揭博高速,15,九和,115.0669,23.5153,,,,,
115,揭博高速,17,蓝塘,114.9425,23.5028,,,,,
115,揭博高速,19,义容,114.8556,23.5008,,,,,
115,揭博高速,21,古竹,114.7098,23.5452,,,,,
115,揭博高速,23,蓝田,114.6528,23.5357,,,,,
116,潮惠高速,7,凤江站,116.07,23.28,,,,,
116,潮惠高速,8,灰寨站,116.03,23.26,,,,,
116,潮惠高速,9,大溪站,115.56,23.2,,,,,
116,潮惠高速,10,河婆站,115.51,23.24,,,,,
116,潮惠高速,11,陆河东站,115.41,23.18,,,,,
117,江罗高速,11,新兴,112.235,22.744,,,,,
117,江罗高速,13,东成,112.311,22.715,,,,,
117,江罗高速,15,稔村,112.387,22.716,,,,,
118,惠大高速,1,长湖站,114.5238,23.1875,,,,,
118,惠大高速,3,水口站,114.532,23.125,,,,,
118,惠大高速,5,惠州东站,114.4834,23.0585,,,,,
118,惠大高速,7,沙澳站,114.4586,23.0245,,,,,
118,惠大高速,9,数码园站,114.476,22.9759,,,,,
118,惠大高速,11,永和站,114.4953,22.9227,,,,,
118,惠大高速,13,淡水东站,114.5032,22.8415,,,,,
118,惠大高速,15,新桥站,114.5064,22.7915,,,,,
118,惠大高速,17,惠州港站,114.5207,22.7609,,,,,
119,广明广州,2,双岗站,113.4154067,23.00469667,,,,,
119,广明广州,3,朱山岗站,113.3616417,22.98984667,,,,,
119,广明广州,4,隔岗站,113.3323133,22.98174667,,,,,
119,广明广州,5,钟村,113.2904667,22.96705333,,,,,
120,大广高速,1,九连山,114.1744444,24.5125,,,,,
120,大广高速,3,上坪,114.5877778,24.4883333,,,,,
120,大广高速,5,连平北,114.5852778,24.4963889,,,,,
120,大广高速,7,连平南,114.4794444,24.3208333,,,,,
120,大广高速,9,隆街,114.3722222,24.2336111,,,,,
120,大广高速,11,马头,114.3016667,24.1230556,,,,,
120,大广高速,13,新丰,114.1744444,24.0197222,,,,,
120,大广高速,15,地派,114,23.8477778,,,,,
120,大广高速,17,吕田,113.9294444,23.8303333,,,,,
120,大广高速,19,良口,113.7133333,23.7261111,,,,,
120,大广高速,21,米埗,113.6597222,23.6972222,,,,,
120,大广高速,23,温泉,113.6608333,23.6405556,,,,,
120,大广高速,25,从化北,113.5508333,23.5658333,,,,,
120,大广高速,27,从化,113.5508333,23.5658333,,,,,
121,平兴高速,1,八尺主线,-1,-1,,,,,
121,平兴高速,2,五指石,-1,-1,,,,,
121,平兴高速,3,河头,-1,-1,,,,,
121,平兴高速,4,平远,115.8724,24.5698,,,,,
121,平兴高速,5,石正,115.8657,24.5068,,,,,
121,平兴高速,6,梅西,115.8421,24.4519,,,,,
121,平兴高速,7,黄陂,115.722,24.4063,,,,,
121,平兴高速,8,大坪,115.6731,24.3202,,,,,
121,平兴高速,9,教礼,115.6522,24.263,,,,,
121,平兴高速,10,叶塘,115.6502,24.1861,,,,,
121,平兴高速,11,新陂,115.6626,24.1345,,,,,
